session_id,question_number_in_session,question_index_in_dataset,mode,seed,start_index,question,model_answer,ground_truth_aliases,is_correct,elapsed_time_seconds,gpu_memory_used_mb,gpu_memory_total_mb,gpu_power_watts,energy_joules_estimate
20260610_183934,1,234,ordered,,234,What is the fastest animal on two legs?,The cheetah.,"[""Ostrich farms"", ""An Ostrich"", ""Ostrich Egg"", ""Ostriches"", ""Struthio camelus"", ""Ostrage"", ""Common Ostrich"", ""Ostrich farming"", ""Masai Ostrich"", ""Ostritch"", ""Common ostrich"", ""Osterich"", ""Ostrish"", ""Struthious"", ""Osterish"", ""Ostrich"", ""Ostrich farm"", ""Ostridge"", ""Ostrich Racing"", ""Ostrich race"", ""Ostrich meat"", ""Ostrich farmer""]",False,0.9018,5340.0,24576.0,60.72,54.7593
20260610_183934,2,235,ordered,,234,What is the green pigment used by plants to trap sunlight?,Chlorophyll,"[""C55H70O6N4Mg"", ""Chlorophyll"", ""Chorophyll"", ""C55H72O5N4Mg"", ""Chlorophyl"", ""Chlorophylls"", ""Chlorophyllose"", ""Chlorafil"", ""E140 (E number)"", ""Chlorophyllous"", ""C35H30O5N4Mg"", ""Leaf-green"", ""Clorophyl"", ""C54H70O6N4Mg"", ""Chlorophil"", ""Clorofill"", ""Leafgreen"", ""Cholorophyll"", ""Cholorophyl"", ""Leaf green"", ""C35H28O5N4Mg""]",True,0.8811,5340.0,24576.0,206.5,181.9449
20260610_183934,3,236,ordered,,234,What id the name given to the study of birds?,Ornithology,"[""Ornothology"", ""Study of Birds"", ""Ornithology"", ""Science of birds"", ""Ornithologist"", ""Ornithologically"", ""Ornithological"", ""History of ornithology"", ""Birdlore"", ""Ornithologic"", ""Orthinology"", ""Bird watching towers"", ""Ornathology""]",True,0.8648,5340.0,24576.0,214.07,185.1275
20260610_183934,4,237,ordered,,234,"Of which reptile are there only two species, one living in the Mississippi and the other in China?",Alligator,"[""Alligator"", ""Alligators"", ""Aligator""]",True,0.8668,5342.0,24576.0,214.93,186.2967
20260610_183934,5,238,ordered,,234,"What type of seaweed grows up to 100 meters in length, and is farmed for its alginates?",Kelp,"[""Laminariales"", ""Kelp"", ""Kelps""]",True,0.904,5342.0,24576.0,212.4,192.0072
20260610_183934,6,239,ordered,,234,Where in a vertebrate would you find the protein myoglobin?,In the muscle cells of vertebrates,"[""Muscle tissue""]",False,0.87,5340.0,24576.0,214.9,186.9651
20260610_183934,7,240,ordered,,234,"What is the most abundant substance in the plant kingdom, which no mammal produces the enzyme to digest?",Cellulose,"[""E460"", ""Rosette terminal complex"", ""Cellulosic"", ""Cellulolysis"", ""Cellulose ester"", ""Cellulolytic"", ""Cellulose"", ""Cellulolysys"", ""Tunicin"", ""Tunicine""]",True,0.8656,5342.0,24576.0,215.7,186.7102
20260610_183934,8,241,ordered,,234,"Which family of insects has species named 'drivers', 'weavers', 'and even individuals called 'soldiers'?",Wasps,"[""History of ants"", ""Giant ant"", ""Ant trail"", ""Worker ant"", ""Drone Ant"", ""Ants"", ""Formicidae"", ""Ant"", ""Ants communication"", ""Ergate"", ""Ant trails"", ""🐜""]",False,0.8596,5342.0,24576.0,215.71,185.4259
20260610_183934,9,242,ordered,,234,What name is given to the study of animal behavior?,Ethology,"[""Animal behavior"", ""Behavioural biology"", ""Behavioral Biology"", ""Social ethology"", ""Animal behaviorist"", ""Behavior (biology)"", ""Natural Behavior"", ""Ethological"", ""Animal Learning"", ""Behaviour (biology)"", ""Ethography"", ""Animal behaviour"", ""Animal Behavior"", ""Ethology"", ""Bestial Instinct"", ""Animal Behaviour"", ""Ethologist"", ""History of ethology"", ""Behavioral biology"", ""Behavior, animal"", ""Ethologists"", ""Etology""]",True,0.8625,5340.0,24576.0,216.47,186.7007
20260610_183934,10,243,ordered,,234,Mosses are classified as belonging to which part of the plant kingdom?,Bryophyta,"[""Bryophyta (disambiguation)"", ""Bryophyta""]",True,0.868,5342.0,24576.0,216.38,187.8274
20260610_183934,11,244,ordered,,234,"Which rodent rears its young, called kittens, in a nest called a drey?",Squirrel,"[""Skiouros"", ""Squirrell"", ""Squirell"", ""Squirel"", ""Scuridae"", ""Eichhornchen"", ""Squirl"", ""Squirrels"", ""Eichhoernchen"", ""Sciuridae"", ""Eichhörnchen"", ""Rats with bushy tails"", ""Scuiridae"", ""Squirrel"", ""Bushy tailed tree rat"", ""Bigtail rat"", ""Sciurid"", ""Squirrl""]",True,0.8922,5342.0,24576.0,214.35,191.2428
20260610_183934,12,245,ordered,,234,What has a central vein called a midrib?,A leaf,"[""Adaxial"", ""Leaf"", ""Venatious"", ""Leavedly"", ""Midrib"", ""Veinlets"", ""Leafiness"", ""Opposite (botany)"", ""Leaf margin"", ""Leaf axils"", ""Leafedly"", ""Leaf veins"", ""Vein in Plants"", ""True leaves"", ""Mucro"", ""Basal leaf"", ""Spongy layer"", ""Abaxial"", ""Simple leaf"", ""Complex leaves"", ""Leaf margins"", ""Foilage"", ""Lepidote"", ""Parallel venation"", ""Leaf axil"", ""Hysteranthy"", ""Foliar"", ""Crenate"", ""Leaf sheath"", ""Compound leaves"", ""Complex leaf"", ""Leaf (botany)"", ""Dentate leaf"", ""Compound leaf"", ""Big-leafed"", ""Oblanceolate"", ""Elepidote"", ""Foliages"", ""Leaves"", ""Pinnately compound"", ""Megaphylls"", ""Simple (leaf)"", ""Leaves (botany)"", ""Mesophyll tissue"", ""Vein (botany)"", ""Elepidotes"", ""Foliage"", ""Axils"", ""Opposite (leaf)"", ""Axil"", ""Alternate (leaf)"", ""Leafily"", ""Plant leaves"", ""Alternate leaf"", ""Clasping"", ""Leafage"", ""Reticulate venation"", ""Leaf vein"", ""Alternate (botany)"", ""Mesophyll cell"", ""Simple leaves"", ""Leaf anatomy"", ""Simple (botany)""]",True,0.8758,5340.0,24576.0,214.59,187.93
20260610_183934,13,246,ordered,,234,"Which mammal constructs a lodge in which to store food, rear young, and pass the winter?",Beaver,"[""Beaverdams"", ""Beaver house"", ""Beavers"", ""Beaver pelt"", ""Beever"", ""Salt water beavers"", ""Beaverdam (habitat)"", ""Beaver"", ""Castor (zoology)"", ""Castor (genus)"", ""Beaver lodge"", ""Beaver houses""]",True,0.8708,5342.0,24576.0,217.48,189.3856
20260610_183934,14,247,ordered,,234,What is the generic word for plants that grow in water or water-logged conditions?,Hydrophytes,"[""Hydrophyte"", ""Submersed aquatic vegetation"", ""Submerged aquatic vegetation"", ""Aquatic plant"", ""Submerged Aquatic Vegetation"", ""Hydrophytes"", ""Aquatic plants"", ""Water plant"", ""Aquatic vegetation"", ""Aquatic weed"", ""Hydrophytic plant""]",True,0.8714,5342.0,24576.0,216.56,188.6996
20260610_183934,15,248,ordered,,234,"Which teeth are the third molars, and are always the last to0 erupt?",Wisdom teeth,"[""Wisdom-tooth"", ""Wisdom teeth"", ""Third maxillary molar"", ""Wisdom Teeth"", ""3rd molar"", ""Molar, third"", ""Impaction (dental)"", ""Third mandibular molar"", ""Wisdom Tooth"", ""Maxillary third molar"", ""Impacted molar"", ""Third molar"", ""Wisdom tooth"", ""Third molar tooth"", ""Mandibular third molar""]",True,0.866,5342.0,24576.0,217.49,188.3446
20260610_183934,16,249,ordered,,234,What is secreted by the pancreas to regulate blood sugar levels?,Insulin,"[""Insulin antagonists"", ""Human Mixtard"", ""Insulin recombinant purified human"", ""INS (gene)"", ""Insulin Human"", ""C65R"", ""Insulin recombinant human"", ""C257H383N65O77S6"", ""Insulin purified pork"", ""Actraphane"", ""Insulin zinc susp recombinant human"", ""Insuline"", ""Insulin zinc susp prompt beef"", ""Insullin"", ""Insulin zinc susp semisynthetic purified human"", ""Insulin aspart recombinant"", ""B10H"", ""Insulin purified beef"", ""Insulin gene"", ""Insulin zinc susp extended recombinant human"", ""Aktrapid"", ""Oral insulin"", ""Insulin zinc susp purified pork"", ""Human mixtard"", ""Insulin zinc susp extended beef"", ""Insulin zinc susp extended purified beef"", ""Insulin release"", ""Insulin zinc susp purified beef"", ""Actrapid"", ""Insulin glargine recombinant"", ""Insulin zinc susp prompt purified pork"", ""Insulin pork"", ""Iletin i (beef-pork)"", ""Iletin II"", ""Insulin zinc susp beef"", ""Mixtard"", ""Insulin, porcine"", ""Insulin""]",True,0.8841,5340.0,24576.0,216.47,191.3796
20260610_183934,17,250,ordered,,234,How many chambers has the heart?,4,"[""Four"", ""four"", ""4""]",True,0.8726,5340.0,24576.0,216.23,188.69
20260610_183934,18,251,ordered,,234,What is the name of the large buttock and thigh muscle?,Gluteus maximus,"[""Gluteus maximus muscles"", ""Glutei maximi"", ""Gluteus maximus"", ""Gluteaus maximus"", ""Glutaeus maximus muscle"", ""Musculus glutaeus maximus"", ""Glute"", ""Glutius maximus"", ""Gluteus Maximus"", ""Musculus gluteus maximus"", ""Glutes"", ""Glutis maximus"", ""Gluteus maximus muscle"", ""Glutæus maximus"", ""Glutaeus maximus"", ""Glutæus maximus muscle""]",True,0.8787,5342.0,24576.0,216.76,190.4641
20260610_183934,19,252,ordered,,234,"When the egg is released from the ovary, what is left behind?",The follicle,"[""Corpora lutea"", ""Lutein cyst"", ""Corpus luetum"", ""Corpus luteum"", ""Yellow body"", ""Corpus albicantia"", ""Corpora luteum"", ""Corpus luteum hormones"", ""Corpus leteum"", ""Granulosa lutein cell"", ""Corpus lutea"", ""Corpora albicantia"", ""Theca lutein cell"", ""Luteal cells"", ""Corpus luteum graviditatis"", ""Luteal cell"", ""Luteal"", ""Corpus Luteum"", ""Corpus luteum cell"", ""Yellow bodies""]",False,0.8626,5342.0,24576.0,217.67,187.7559
20260610_183934,20,253,ordered,,234,What is the scientific name for the heart's pacemaker?,Sinoatrial node,"[""Sinoatrial"", ""Sa node"", ""The sinoatrial node"", ""Sinuatrial mode"", ""SA Node"", ""Sinoastrial node"", ""Sinu-atrial node"", ""Sinus Node"", ""SA node"", ""Sinoatrial Node"", ""Nodus sinuatrialis"", ""Sinoatrial cell"", ""Sinuatrial node"", ""Sinus node"", ""Atrial sinus"", ""Sino-atrial node"", ""Sino atrial node"", ""Sinoatrial node""]",True,0.8707,5340.0,24576.0,217.95,189.7722
20260610_183934,21,254,ordered,,234,Which hormone helps control ovulation?,FSH,"[""Receptors, lh"", ""LH surge"", ""Leutenizing hormone"", ""Ovulation prediction kit"", ""Luteinizing"", ""Pee stick"", ""Interstitial-cell stimulating hormone"", ""Lh kit"", ""ATCvet code QG03GA07"", ""Lutropin alfa"", ""Lutropin"", ""Lutenizing Hormone"", ""Luteinizing hormone"", ""Lh test"", ""Luteinising hormone"", ""Luveris"", ""Leutinizing hormone"", ""Interstitial cell stimulating hormone"", ""Lutenising Hormone"", ""Lutenizing hormone"", ""Ovulation predictor kit"", ""ATC code G03GA07"", ""Luteinizing Hormone"", ""Luteinising Hormone"", ""Interstitial Cell Stimulating Hormone""]",False,0.8654,5340.0,24576.0,218.26,188.877
20260610_183934,22,255,ordered,,234,What is the second most common gas in the atmosphere?,Nitrogen,"[""Oxyjunn"", ""Oxygen rings"", ""Active oxygen"", ""Vital air"", ""ATC code V03AN01"", ""ATCvet code QV03AN01"", ""History of oxygen"", ""Atomic number 8"", ""Oxygyn"", ""Oxygen gas"", ""O₂"", ""Dioxygen molecule"", ""Diatomic oxide"", ""Diatomic Oxygen"", ""Oxygen ion"", ""Sauerstoff"", ""Oxygen"", ""Oxygen partial pressure"", ""Pure oxygen"", ""Oxygen atom"", ""Molecular oxygen"", ""Oxygen Atom"", ""Element 8"", ""O (element)"", ""0xygen"", ""Oxigen"", ""E948""]",False,0.8765,5340.0,24576.0,217.93,191.0221
20260610_183934,23,256,ordered,,234,What is the term for nutrient enrichment of lakes?,Eutrophication,"[""Eutrophication"", ""Hypertrophication"", ""Cultural eutrophication"", ""Nutrient loading"", ""Eutrofication"", ""Euthrophication""]",True,0.9119,5340.0,24576.0,216.42,197.3519
20260610_183934,24,257,ordered,,234,Five-legged creatures have damaged which 1250 mile long wonder of the world?,The Great Wall of China,"[""Great Barrier Reef"", ""Great Barrier Reef World Heritage Area"", ""The Great Barrier Reef"", ""Douglas Shoal"", ""Great barrier reef"", ""Great Detached Reef"", ""Great barrier reef history""]",False,0.8754,5342.0,24576.0,217.59,190.4826
20260610_183934,25,258,ordered,,234,Which radioactive substance sometimes occurs naturally in spring water?,Radon,"[""Thoron"", ""Niton (element)"", ""Radon (Rn)"", ""Radium emanation"", ""Element 86"", ""Radon"", ""Radon gas"", ""Household radon"", ""Emanation (chemistry)"", ""Radon poisoning"", ""Radon (element)"", ""Actinon""]",True,0.8758,5340.0,24576.0,218.82,191.6398
20260610_183934,26,259,ordered,,234,What is the approximate circumference of the earth?,"25,000 miles","[""24,900 miles""]",False,0.9186,5340.0,24576.0,215.77,198.2102
20260610_183934,27,260,ordered,,234,"Which common mineral is used to make casts, moulds, blackboard chalk and plaster of Paris?",Gypsum,"[""CaSO4·2H2O"", ""Gypsum"", ""Calcium sulfate dihydrate"", ""CaSO4*2H2O"", ""Gipsum""]",True,0.8818,5342.0,24576.0,218.2,192.3981
20260610_183934,28,261,ordered,,234,What name was given to the invisible material once thought to occupy all space?,Vacuum,"[""Alkoxyalkane"", ""Ether group"", ""Primary ether"", ""Ethers, cyclic"", ""Ether bond"", ""Polyether"", ""Ether"", ""Sweet oil of vitriol"", ""Diaryl ether"", ""Aryl ether"", ""Secondary ether"", ""Organic ether"", ""O-alkylation"", ""Tertiary ether"", ""Polyethers"", ""Ethers"", ""Ether (chemistry)"", ""Oleum dulci vitrioli""]",False,0.8722,5340.0,24576.0,219.7,191.6333
20260610_183934,29,262,ordered,,234,From which areas of space can there be no escape?,The center of a black hole.,"[""History of black holes"", ""The formation of a black hole"", ""Black hole"", ""Parts of a black hole"", ""Gravitationally completely collapsed star"", ""Cosmic vacuum cleaners"", ""Black holes"", ""Black Hole"", ""Blackhole"", ""Black hole FAQ"", ""Black-hole"", ""Central black hole"", ""Black Holes"", ""Creation of a Black Hole"", ""Blackholes"", ""Frozen star"", ""Creation of a black hole"", ""Black-holes"", ""Black whole"", ""Hypermass"", ""Black hol"", ""Spatial singularity"", ""BLACK HOLES""]",True,0.8915,5340.0,24576.0,218.11,194.4539
20260610_183934,30,263,ordered,,234,Who was the first man to walk on the Moon?,Neil Armstrong,"[""That's one small step for a man one giant leap for mankind"", ""Neil Armstrong"", ""First man on moon"", ""One small step for man"", ""That's one small step for a man, one giant leap for mankind"", ""Niel Armstrong"", ""That's one small step for man, one giant leap for mankind"", ""Neal armstrong"", ""First man on the moon"", ""Astronaut Armstrong"", ""Neil armstrong"", ""Neil Alden Armstrong"", ""Neal Armstrong"", ""First man on the Moon"", ""That's one small step for a man"", ""Neil armstorng"", ""Armstrong, Neil Alden"", ""Neil A. Armstrong""]",True,0.9005,5340.0,24576.0,217.91,196.2221
20260610_183934,31,264,ordered,,234,Proteus and Nereid are moons of which planet?,Neptune,"[""8th planet"", ""Le Verrier's planet"", ""Neptuno (planet)"", ""Neptune the blue ocean planet"", ""Planet Neptune"", ""Sol 8"", ""Sol IIX"", ""Neptune (Planet)"", ""Neptune's weather"", ""Neptune (astronomy)"", ""Astronomy Neptune"", ""The Scooter (Neptune)"", ""Eighth planet"", ""Neptune (planet)"", ""♆"", ""Sol-8"", ""Neptune"", ""Sol VIII"", ""Sun i"", ""Atmosphere of Neptune"", ""Neptune's Atmosphere"", ""Weather of Neptune"", ""Neptune's"", ""Magnetosphere of Neptune"", ""Neptune planet"", ""Neptunus (planet)"", ""The planet exterior to Uranus"", ""Neptune's atmosphere""]",True,0.9543,5340.0,24576.0,215.14,205.3052
20260610_183934,32,265,ordered,,234,What is the Milky Way?,The Milky Way is a spiral galaxy that is home to our solar system.,"[""Age of the Milky Way"", ""Milky Way (band of light)"", ""Our galaxy"", ""Milky way"", ""🌌"", ""Speed of the Milky Way through Space"", ""Milkyway"", ""Milky way galaxy"", ""Via Lactea"", ""Galaxia Kuklos"", ""Lactea"", ""Milky way Galaxy"", ""The Milky Way"", ""The Spiral Arms of the Milky Way"", ""This galaxy"", ""Milky Way Galaxy"", ""Milky Way"", ""Local Galaxy"", ""Milky Way (astronomy)"", ""Milky Way galaxy"", ""The local galaxy"", ""Milky Way (galaxy)""]",True,0.8823,5340.0,24576.0,217.6,191.9867
20260610_183934,33,266,ordered,,234,Which force is nothing more than the bending of space and time?,Gravity,"[""Gravitational physics"", ""Gravitation"", ""Gravity"", ""Theory of Gravity"", ""Laws of gravity"", ""Gravitaiton"", ""Gravity and motion"", ""Physics/Gravity"", ""Apparent gravity"", ""Gravity (astronomy)"", ""Gravitate"", ""Gravitational pull"", ""Theory of gravitation"", ""Gravity (old version)"", ""Formulae of gravity"", ""Gravitating"", ""Gravitational interaction"", ""Gravitated"", ""Gravitation (astronomy)"", ""Gravitational"", ""Gravitates"", ""Theory of Gravitation"", ""Theories of gravitation"", ""Vertical Circular Motion"", ""Gravitationally"", ""Law of gravity"", ""Acceleration of gravity"", ""Gravitational motion"", ""Newtonian theory of gravitation"", ""Gravitational attraction"", ""Gravitational force"", ""Theory of gravity"", ""Force of gravity"", ""Laws of Gravity"", ""Fg (physics)"", ""Gravitational theory"", ""Law of Gravity""]",True,0.9528,5342.0,24576.0,214.87,204.7274
20260610_183934,34,267,ordered,,234,"Which star is as bright as 23 Suns, and is orbited by the Pup?",Betelgeuse,"[""Gliese 244 A"", ""Gliese 244 B"", ""Σείριος"", ""Alhabor"", ""Aschere"", ""Sirius B"", ""Sirius A"", ""Sirius"", ""Swart star"", ""WD 0642–166"", ""HIP 32349"", ""Gliese 244"", ""Alpha Canis Majoris"", ""الشعرى"", ""HD 48915"", ""The Dog-Star"", ""Sirius.B"", ""Alpha CMa"", ""Alpha Canis Maioris"", ""'A"", ""Α Canis Majoris A"", ""Α Canis Majoris"", ""Α CMa"", ""Canicula"", ""SAO 151881"", ""Sirius (star)"", ""Dog stars"", ""WD 0642-166"", ""Sirius-B""]",False,0.929,5369.0,24576.0,195.24,181.3704
20260610_183934,35,268,ordered,,234,What are the three primary colours of light?,"Red, green and blue","[""Red, Blue and Green""]",False,0.8949,5340.0,24576.0,213.83,191.3671
20260610_183934,36,269,ordered,,234,In what film did Oprah Winfrey make her big screen acting debut?,The Color Purple,"[""The Colour Purple"", ""Colour Purple"", ""Color Purple"", ""The colour purple"", ""The Color Purple (novel)"", ""The Color Purple""]",True,0.904,5342.0,24576.0,204.9,185.2197
20260610_183934,37,270,ordered,,234,What is the second lightest chemical element?,Hydrogen,"[""Solid Helium"", ""Superfluid helium"", ""Two fluid model for helium"", ""Helium II"", ""Balloon grade helium"", ""Helium gas"", ""He (element)"", ""Inhaling Helium"", ""E939"", ""Element 2"", ""Atomic number 2"", ""ATCvet code QV03AN03"", ""ATC code V03AN03"", ""Helium"", ""Helium shortage""]",False,0.9076,5340.0,24576.0,218.38,198.2111
20260610_183934,38,271,ordered,,234,"Used in mathematics, what is the value of Pi to three decimal places?",3.14,"[""three point one four two  degrees"", ""3.142 degrees"", ""3.142""]",False,0.8998,5340.0,24576.0,216.95,195.2166
20260610_183934,39,272,ordered,,234,"What colour is the number 10 on the door of 10 Downing Street? White, Yellow or Brown?",Brown.,"[""White (Colour)"", ""Rgb(255, 255, 255)"", ""White"", ""Whitishness"", ""Whiter"", ""(255, 255, 255)"", ""Whitishly"", ""White (political adjective)"", ""White-"", ""White-Finn"", ""Whitest"", ""FFFFFF"", ""Color/white"", ""Man on a white horse""]",False,0.9233,5342.0,24576.0,218.06,201.3446
20260610_183934,40,273,ordered,,234,What was advertised with Eva Herzagovia using the slogan hello boys?,"Hello boys, I’m Eva Herzagovia.","[""Wonderbra."", ""Wonder-bra"", ""The Wonderbra"", ""WonderBra"", ""Wonderbra"", ""The Wonder-Bra"", ""Wonder Bra"", ""Wonderbra Women""]",False,0.8808,5342.0,24576.0,219.44,193.2928
20260610_183934,41,274,ordered,,234,What number in Bingo is sometimes referred to as Heinz varieties?,15,"[""57"", ""fifty-seven""]",False,0.8906,5340.0,24576.0,220.7,196.5509
20260610_183934,42,275,ordered,,234,"As at March 2001, who holds the record for scoring the most league goals for the soccer team Arsenal?",Thierry Henry,"[""Mr Wright"", ""Ian Wright""]",False,0.8622,5342.0,24576.0,223.27,192.4928
20260610_183934,43,276,ordered,,234,How many verses make up the national anthem God Save The Queen?,10,"[""3"", ""Three"", ""three""]",False,0.8813,5342.0,24576.0,221.0,194.7605
20260610_183934,44,277,ordered,,234,What colour is the cross on the national flag of Switzerland?,Red,"[""White (Colour)"", ""Rgb(255, 255, 255)"", ""White"", ""Whitishness"", ""Whiter"", ""(255, 255, 255)"", ""Whitishly"", ""White (political adjective)"", ""White-"", ""White-Finn"", ""Whitest"", ""FFFFFF"", ""Color/white"", ""Man on a white horse""]",False,0.8654,5340.0,24576.0,221.98,192.109
20260610_183934,45,278,ordered,,234,Who was the American President when the Berlin Wall was constructed?,Harry Truman,"[""JFK"", ""J.F.K"", ""J.F.K. Administration"", ""Kennedy administration"", ""JFK (President)"", ""J.F. Kennedy"", ""J. F. Kennedy"", ""John f kennedy"", ""John fitzgerald kennady"", ""John Kennedy"", ""My God, I'm hit"", ""John F.Kennedy"", ""Kennedyesque"", ""JFK administration"", ""President John F. Kennedy"", ""Jack Kennedy"", ""John F Kennedy"", ""35th President of the United States"", ""JF Kennedy"", ""Kennedy Administration"", ""President John Kennedy"", ""John f kenedy"", ""John F. Kennedy"", ""J.F.K."", ""JFK (president)"", ""Jfk"", ""Jhon F Kennedy"", ""John F. Kennedy and civil rights"", ""John f. kennedy"", ""J F Kennedy"", ""J. F. K."", ""John Fitzgerald %22Jack%22 Kennedy"", ""Camelot era"", ""John f. kenedy"", ""John Fitzgerald Kennedy"", ""Kennedy, John F."", ""John f k"", ""Kennedy era"", ""President Kennedy"", ""Early years of john f. kennedy"", ""John F. %22Jack%22 Kennedy"", ""J F K"", ""Eponyms of John F. Kennedy"", ""U.S. President J.F. Kennedy"", ""President John F Kennedy"", ""John F. Kennedie"", ""Kennedyism"", ""Senator John F. Kennedy""]",False,0.8682,5340.0,24576.0,222.6,193.2505
20260610_183934,46,279,ordered,,234,What is the minimum number of darts a person needs to throw to complete a leg from 501?,10,"[""9"", ""nine""]",False,0.8783,5342.0,24576.0,222.59,195.4953
20260610_183934,47,280,ordered,,234,What was the first British football team to win the European Cup?,Liverpool,"[""Celtic"", ""Celtic (Disambiguation)"", ""Celtic (disambiguation)"", ""Celto-"", ""Celto"", ""Keltic""]",False,0.8695,5342.0,24576.0,222.65,193.5992
20260610_183934,48,281,ordered,,234,What is the most popular natural attraction in Alaska?,The Aurora Borealis.,"[""Denali North Peak"", ""Mount McKinley"", ""Mount McKinley North Peak"", ""Mt McKinley (Denali)"", ""Churchill peaks"", ""Mount McKinley South Buttress"", ""Highest mountain in North America"", ""Большая Гора"", ""Mount Mckinley"", ""Mt. Denali"", ""Mount mckinley"", ""Mt McKinley"", ""Mount McKinely"", ""Mount McKinley East Buttress"", ""Mt. McKinley"", ""Mt. mckinley"", ""Mount Denali"", ""Denali East Buttress"", ""Mount McKinley (Alaska)"", ""Denali"", ""Denali South Buttress"", ""Mt mckinley""]",False,0.8938,5340.0,24576.0,221.79,198.2273
20260610_183934,49,282,ordered,,234,"What type of acid is extracted from the juice of lemons, oranges, limes, and grapefruit?",citric acid,"[""E330"", ""Sour salt"", ""Hydrogen citrate"", ""HOOCCH2(OH)C(COOH)CH2COOH"", ""Citric acid"", ""E 330"", ""Citric Acid"", ""3-hydroxypentanedioic acid-3-carboxylic acid"", ""2-hydroxy-1,2,3-propanetricarboxylic acid"", ""Citrus acid"", ""ATC code A09AB04"", ""ATCvet code QA09AB04"", ""Acid of lemon"", ""Citric (acid)""]",True,0.8702,5342.0,24576.0,223.37,194.3676
20260610_183934,50,283,ordered,,234,How many pieces are there in a standard set of dominoes?,28,"[""28"", ""twenty-eight""]",True,0.8821,5342.0,24576.0,223.45,197.1161
20260610_183934,51,284,ordered,,234,What is the acronym for the agency which provides co-operation between police forces worldwide?,Interpol,"[""INTERPOL"", ""International Criminal Police Organisation"", ""International Criminal Police Organization"", ""International Criminal Police Organization – INTERPOL"", ""Interpol (organization)"", ""International Police Conference"", ""International Police Commission"", ""President of Interpol"", ""International Criminal Police Organization – Interpol"", ""Interpol"", ""ICPO-Interpol"", ""International Criminal Police Organization - INTERPOL"", ""International Criminal Police Commission"", ""International Criminal Police Organization - Interpol""]",True,0.8707,5342.0,24576.0,222.45,193.6945
20260610_183934,52,285,ordered,,234,"What were Benjy and Laska, which were sent into space in 1958?",They were the first animals to be sent into space.,"[""🐁"", ""Mouse subgenus"", ""Reproductive behavior of mice"", ""Mouse (animal)"", ""MOUSE"", ""Mouse (rodent)"", ""🐭"", ""Mus (genus)"", ""Mice"", ""Mouse""]",False,0.8673,5342.0,24576.0,224.09,194.3615
20260610_183934,53,286,ordered,,234,In what year in the 20th century was the Miss World contest held for the first time?,1951,"[""one thousand, nine hundred and fifty-one"", ""1951""]",True,0.8689,5342.0,24576.0,224.88,195.3967
20260610_183934,54,287,ordered,,234,In which year was the Encyclopedia Britannica first published?,1768,"[""1768"", ""one thousand, seven hundred and sixty-eight""]",True,0.8709,5340.0,24576.0,224.27,195.3084
20260610_183934,55,288,ordered,,234,"On the London Underground, which is the only line to connect at some point with every other line on the system?",The Jubilee Line,"[""Jubilee line"", ""Fleet Line"", ""The Jubilee Line"", ""Jubilee Line"", ""Fleet line""]",True,0.8703,5342.0,24576.0,224.4,195.3028
20260610_183934,56,289,ordered,,234,Who wrote The Importance Of Being Earnest?,Oscar Wilde,"[""Oscar Wild"", ""Flahertie"", ""C. 3. 3. 3"", ""Oscar Wilde"", ""O'Flahertie"", ""C. 3. 3. 3."", ""O Wilde"", ""Oscar O'Flahertie Wills Wilde"", ""Oscar O'flaherty Wilde"", ""Oscar wilde"", ""Sebastian Melmoth"", ""Oscar Fingal O'Flaherty Wills Wilde"", ""Theocritus: a villanelle"", ""Oscar Wilde/Biblio"", ""Oscar Fingal O'Flahertie Wills Wilde"", ""Cyril Wilde""]",True,0.8635,5340.0,24576.0,223.47,192.9616
20260610_183934,57,290,ordered,,234,"Thomas Edison, who invented the lightbulb, was afraid of the dark?",False,"[""True (disambiguation)"", ""True"", ""True (album)"", ""TRUE (Album)"", ""True (song)"", ""TRUE"", ""True (Album)"", ""Truer""]",False,0.8656,5340.0,24576.0,223.9,193.8
20260610_183934,58,291,ordered,,234,Taphephobia is the fear of losing your teeth?,True,"[""False (disambiguation)"", ""Falsehood"", ""False""]",False,0.8718,5340.0,24576.0,222.88,194.3164
20260610_183934,59,292,ordered,,234,The letter t is the second most common letter used in the English language?,True,"[""True (disambiguation)"", ""True"", ""True (album)"", ""TRUE (Album)"", ""True (song)"", ""TRUE"", ""True (Album)"", ""Truer""]",True,0.8883,5340.0,24576.0,221.79,197.0133
20260610_183934,60,293,ordered,,234,"The invention of what in 1867, made Alfred Nobel famous?",Dynamite,"[""Dynamite"", ""Dynamited"", ""Dinamite""]",True,0.8774,5342.0,24576.0,221.6,194.4318
20260610_183934,61,294,ordered,,234,What is the most populated city in America?,New York City,"[""New Yourk State"", ""State of N.Y."", ""US-NY"", ""N Y"", ""The state of NY"", ""NewYork"", ""NYS"", ""Neo York"", ""NY state"", ""Nova York"", ""State of new york"", ""Ny"", ""New york"", ""Nueva York (estado)"", ""N Y state"", ""New York (state)"", ""U.S. state of New York"", ""New York state"", ""New York, U.S."", ""State New York"", ""Nýja-Jórvík"", ""Newyork"", ""NEW YORK"", ""State of N. Y."", ""N. Y. state"", ""NY"", ""The state of N.Y."", ""NY (state)"", ""New York's"", ""N.Y. (U.S. state)"", ""State of new yourk"", ""New York State"", ""New York (U.S. state)"", ""New york state"", ""New Yrok"", ""11th State"", ""New York (USA State)"", ""State of N Y"", ""New-York"", ""The State of New York"", ""State of New York"", ""US state of New York"", ""N Y (U.S. state)"", ""N.Y. state"", ""N.Y."", ""The state of N. Y."", ""N. Y. (state)"", ""The state of N Y"", ""New York, US"", ""N.Y. (state)"", ""Nyja-Jorvik"", ""Religion in New York"", ""New Yourk"", ""N. Y."", ""New York State's"", ""Estado Nueva York"", ""New York (USA state)"", ""New york population"", ""New York, U.S.A"", ""New York"", ""NY (U.S. state)"", ""Estado de Nueva York"", ""N. Y. (U.S. state)"", ""Eleventh State"", ""N Y (state)"", ""State of NY"", ""New York (State)"", ""New York (U.S. state""]",True,0.8775,5340.0,24576.0,222.64,195.3713
20260610_183934,62,295,ordered,,234,What is the only letter of the alphabet which does not appear in any of the names of the 50 American states?,Q,"[""ⓠ"", ""🅠"", ""Q (alphabet)"", ""Ⓠ"", ""⒬"", ""🅀"", ""Ｑ"", ""🄠"", ""Q"", ""Q (letter)"", ""🆀"", ""Q.""]",True,0.8526,5342.0,24576.0,224.45,191.3694
20260610_183934,63,296,ordered,,234,What was the Spice Girls' debut single called?,Wannabe,"[""Wannabes (disambiguation)"", ""Wannabes"", ""Wanna Be"", ""Wannabe (disambiguation)"", ""Wannabee"", ""Wannabe"", ""Wanna-be""]",True,0.8655,5340.0,24576.0,224.7,194.4698
20260610_183934,64,297,ordered,,234,What are the only two musical notes which have no flats?,C and G,"[""C and F""]",False,0.8776,5340.0,24576.0,223.94,196.5377
20260610_183934,65,298,ordered,,234,"From which country do French fries originate? France, Belgium or Switzerland?",France,"[""ISO 3166-1:CH"", ""Svissland"", ""Etymology of Switzerland"", ""Confederation Helvetia"", ""Swizerland"", ""Confederatio Helvetica"", ""Environmental Integrity Group"", ""Confoederatio Helvetica"", ""Svizra"", ""SWITZERLAND"", ""Confédération suisse"", ""SwissEnergy"", ""Schweitz"", ""Švýcarsko"", ""Die Schweiz"", ""Schwitzerland"", ""Confederation suisse"", ""Der Schweiz"", ""Swiss Confederated States"", ""Suiza"", ""Switz"", ""Switzeland"", ""Schweiz"", ""Confederation Helvetica"", ""Switserland"", ""Suisse"", ""Schweizerische Eidgenossenschaft"", ""Switzerland information"", ""Confederaziun Svizra"", ""Switzer land"", ""Switzerland"", ""Land of the Switzers"", ""Swiss confederation"", ""Confœderatio Helvetica"", ""Swiss"", ""Confederation Suisse"", ""Confederation of Helvatia"", ""Land of the Swiss"", ""Confederaziun svizra"", ""Svizzera"", ""Swissland"", ""Swizterland"", ""Confédération Suisse"", ""Confederazione Svizzera"", ""Swiss Confederation""]",False,0.8831,5342.0,24576.0,222.2,196.2151
20260610_183934,66,299,ordered,,234,For what novel did J. K. Rowling win the 1999 Whitbread Children's book of the year award?,Harry Potter and the Philosopher's Stone,"[""HPPOA"", ""Prisoner of Azkaban"", ""Harry Potter and the Prisoner of Azkhaban"", ""Third harry potter book"", ""HP3"", ""The Prisoner of Azkaban"", ""Harry Potter III"", ""Harry Potter & the Prisoner of Azkaban"", ""Harry Potter and the Prisoner of Azkaban"", ""Harry potter and the prisoner of azkaban"", ""Hary Potter and the Prisoner of Azkaban"", ""Harry potter 3"", ""3rd harry potter book"", ""Prisoner of azkaban"", ""HP 3"", ""Harry Potter and the Prisoner of Azkaban (book)"", ""Harry Potter and The Prisoner of Azkaban"", ""Harry Potter 3""]",False,0.8705,5342.0,24576.0,225.05,195.9148
20260610_183934,67,300,ordered,,234,What is the longest word can be typed using only the top row of letters on a typewriter?,1000000000000000000000000000000,"[""Typewriter ribbons"", ""Typewriter carriage"", ""Personal word processor"", ""Typewrite"", ""Typewriters"", ""Type-write"", ""Type-writerly"", ""Type machine"", ""Electric typewriter"", ""Typewrites"", ""Typewriter"", ""Type written"", ""Electronic word processor"", ""Typewriting"", ""Typebasket"", ""Type writer"", ""Type writes"", ""The type writer"", ""Typewritten"", ""Typewriterly"", ""Type-writing"", ""The first typewriter"", ""Type-written"", ""Typebars"", ""Typewriter keyboard"", ""Type wrote"", ""Type-wrote"", ""Type writers"", ""Type write"", ""Typewrote"", ""Type-writers"", ""Personal Word Processor"", ""Electronic typewriter"", ""Typebar"", ""Type writing"", ""Type-writes"", ""Type-writer"", ""Electromechanical typewriter"", ""Manual typewriter"", ""Type bar"", ""Typing machine"", ""Type writerly"", ""Typewriter eraser""]",False,0.8723,5342.0,24576.0,224.74,196.0447
20260610_183934,68,301,ordered,,234,In which city would you find O'Hare International Airport?,Chicago,"[""Chi-Beria"", ""Sayre language academy"", ""Chicago"", ""Chicago, Illinois"", ""Hog Butcher for the World"", ""Land of smelly onions"", ""Ariel Community Academy"", ""The weather in Chicago"", ""Chicago, Illinois, U.S.A."", ""Chicago, Illionis"", ""Near North Montessori"", ""Religion in Chicago"", ""Chicago Finance Committee"", ""The Paris of America"", ""The city of Chicago"", ""City of Chicago"", ""List of sister cities of Chicago"", ""UN/LOCODE:USCHI"", ""Chicago theatre scene"", ""Chicago, WI"", ""The City of Broad Shoulders"", ""City of Broad Shoulders"", ""Sister Cities of Chicago"", ""Chicago il"", ""Chicago, Illinois, USA"", ""Performing arts in Chicago"", ""Chicago Transportation Committee"", ""Chicago, Wisconsin"", ""City of chicago"", ""Chicago theater scene"", ""Chicago, Il"", ""Chicago, IL."", ""Chicago, Ill."", ""City of Chicago, Illinois"", ""Chi town"", ""Chicago, United States"", ""Chicago (Ill.)"", ""Transport in Chicago"", ""Chicago, Illinois, United States"", ""Chicago (IL)"", ""USCHI"", ""Chichago"", ""Chcago"", ""Chicago, Illinois, U.S."", ""Sister Cities Chicago"", ""Chicago, USA"", ""Chi City"", ""Chicago, IL"", ""Chi-Town"", ""Chicago theatre"", ""Paris of America"", ""Chicago, Illinois, US"", ""Chicago Illinois"", ""The city of Chicago, Illinois"", ""Sister cities of Chicago""]",True,0.8697,5340.0,24576.0,224.73,195.4394
20260610_183934,69,302,ordered,,234,Which Asian country was once called Siam?,Thailand,"[""Muang Thai"", ""Taihland"", ""ISO 3166-1:TH"", ""Thai Empire"", ""Prathet Thai"", ""Muang-Thai"", ""Kingdom of Thailand"", ""Skateboarding in Thailand"", ""THAILAND"", ""Siam"", ""Sport in Thailand"", ""Etymology of Thailand"", ""Thayland"", ""Name of Thailand"", ""The Kingdom Of Thailand"", ""เมืองไทย"", ""Thailand"", ""ราชอาณาจักรไทย"", ""Sayam"", ""Thailande"", ""Siam (Thailand)"", ""ประเทศไทย"", ""Kingdom Of Thailand"", ""Tailand"", ""Thai Kingdom"", ""Ratcha Anachak Thai"", ""Kingdom of the Thai""]",True,0.8693,5340.0,24576.0,224.99,195.5896
20260610_183934,70,303,ordered,,234,What are the names of Donald Duck's three nephews?,"Huey, Dewey and Louie","[""Huey, Dewey and Louie"", ""Huey, Louie and Dewey"", ""Huey , Dewey and Louie"", ""Huey, Dewey & Louie"", ""Huey Duck"", ""Huey, Duey and Louie"", ""Louie Duck"", ""Donald Duck's nephews"", ""Phooey Duck"", ""Ripp, Rapp og Þorfinnur"", ""Huey, Dewey, and Louie"", ""Huey dewey and louie"", ""Huey Dewey and Louie"", ""Dewey Duck"", ""Ripp, Rapp og Rupp"", ""Huey, Dewey, & Louie"", ""Huey, Duey, and Louie"", ""Huey, duey, and louie"", ""Louis Duck"", ""Huey, Dewey and Louie filmography"", ""Huey, Dewey, and Louie Duck"", ""Huey, Duey, and Louis"", ""Ripp, Rapp og THorfinnur"", ""Huey, Dewey"", ""Huebert Duck"", ""Deuteronomy Duck"", ""Huey dewie and louie"", ""Huey, Dewey and Louie Duck""]",True,0.8827,5340.0,24576.0,224.13,197.8442
20260610_183934,71,304,ordered,,234,"In which 1993 film does a boy called Jonah write to a woman called Annie, asking her to meet his father at the Empire State building on St. Valentine's Day?",<em>Sleepless in Seattle</em>,"[""Sleepless In Seattle"", ""Sleepless in seattle"", ""Sleepless in Seattle (film)"", ""Sleepless in Seattle: Original Motion Picture Soundtrack"", ""Sleepless in Seattle""]",True,0.8619,5344.0,24576.0,225.23,194.1339
20260610_183934,72,305,ordered,,234,Who had a top ten hit in 1988 with Valentine?,The Bangles,"[""T’pau"", ""T'pau"", ""T'Pau (disambiguation)"", ""T' Pau"", ""T'Pau"", ""T pau"", ""Tpau""]",False,0.8617,5340.0,24576.0,226.48,195.1587
20260610_183934,73,306,ordered,,234,What is the second most common word in written English?,"The, followed by and.","[""O F"", ""Of"", ""O.F."", ""OF"", ""O.f."", ""Of."", ""OF (disambiguation)"", ""Of (disambiguation)""]",False,0.8634,5340.0,24576.0,226.58,195.6359
20260610_183934,74,307,ordered,,234,"In which arcade game, would you find ghosts called Inky, Pinky, Blinky and Clyde?",Pac-Man,"[""Pakman"", ""Pac-man"", ""Pac-mn"", ""Pacman"", ""Blinky, Pinky, Inky, Clyde"", ""Pac-Man (card game)"", ""Puck-Man"", ""Pac Man Magnetic Maze"", ""Google Pac-Man"", ""パックマン"", ""Puc-Man"", ""Clyde (monster)"", ""Pac dots"", ""PACMAN"", ""Pac-Man (film)"", ""Aosuke"", ""PUCK-MAN"", ""CDMan"", ""Pakkuman"", ""MacMan Kid"", ""Inky (ghost)"", ""Pac-man (board game)"", ""Google Pacman"", ""Pac man"", ""Blinky (ghost)"", ""PuckMan"", ""Pac-man ghosts"", ""Paku paku"", ""Split-Screen Level"", ""Clyde (ghost)"", ""PAC-MAN"", ""Puck Man"", ""Pac-Man"", ""PacMan"", ""Blinky (monster)"", ""PUCKMAN"", ""Pac Man"", ""Pinky (ghost)"", ""Guzuta"", ""Puck-man"", ""Akabei"", ""PUCK MAN"", ""Pac-Man (board game)""]",True,0.866,5342.0,24576.0,226.84,196.4427
20260610_183934,75,308,ordered,,234,"More commonly known as the thigh bone, what is the medical name for the longest bone in the human body?",Femur,"[""Fumuer"", ""Upper leg bone"", ""Femoral bone"", ""Patella surface of femur"", ""Feumur"", ""Os longissimum"", ""Thigh bones"", ""Shenton's Line"", ""Femur"", ""Fumeur"", ""Largest bone"", ""Femoral bones"", ""Fumur"", ""Thigh-bone"", ""Femur bone"", ""Femora"", ""Fuemur"", ""Thighbone"", ""Femur bones"", ""Largest bones"", ""Femir"", ""Femu"", ""Femurs"", ""Facies patellaris femoris"", ""Thigh bone"", ""Os femoris"", ""The Femur""]",True,0.8625,5342.0,24576.0,226.28,195.1727
20260610_183934,76,309,ordered,,234,"What word is used to describe someone who is neither left or right handed, but can use both hands with equal ease?",ambidextrous,"[""Ambidexterity"", ""Ambidexterous"", ""Ambisinister"", ""Ambidextrousness"", ""Ambadexterous"", ""Ambidextrous""]",True,0.8783,5342.0,24576.0,226.08,198.5741
20260610_183934,77,310,ordered,,234,"Which cult film, starring Harrison Ford, was based on the story Do Androids Dream of Electric Sheep?",Blade Runner,"[""V-K"", ""Blade Runner 2 (2014 film)"", ""Voigt-kampff machine"", ""Voigt kampff machine"", ""Voigt-kampff test"", ""Voit-kampf test"", ""Voigt kampff"", ""Blade Runner (film)"", ""Voit kampf test"", ""C beams"", ""Voight-Kampff machine"", ""Voit-kampf"", ""Blade Runner 2 (film)"", ""Spinner (Blade Runner)"", ""Voight Kampff"", ""Voit kampf"", ""Blade Runner 2"", ""Voigt-Kampff machine"", ""BLADE RUNNER (1982)"", ""Methuselah Syndrome"", ""Blade Runner"", ""Leon Kowalski"", ""Voigt-Kampff"", ""Blade Runner 2 (film project)"", ""Voight-Kampff"", ""Voigt-Kampf"", ""Blade runner (film)"", ""Dangerous Days"", ""Untitled Blade Runner Sequel"", ""Voigt-Kampff test"", ""Blade Runner (1982 film)"", ""Voight-Kampf"", ""Blade runner"", ""Voight-Kampff test"", ""Blade Runner (2014 film)""]",True,0.8954,5342.0,24576.0,223.76,200.3571
20260610_183934,78,311,ordered,,234,"Which ITV magazine style show ran from 1968 to 1980 and featured presenters including Jenny Hanley, Mick Robertson and Tommy Boyd?",The Generation Game,"[""Chatterpie"", ""Magpie"", ""Magpies""]",False,0.8705,5344.0,24576.0,226.91,197.5252
20260610_183934,79,312,ordered,,234,Which type of animal was Robin Hood in the Disney cartoon film 'Robin Hood'?,A fox,"[""Vulpine"", ""Vixen"", ""Todde"", ""Vulpini"", ""Fox"", ""Foxes"", ""Fox penis"", ""River fox"", ""Fox habitat"", ""Focks"", ""Foxp"", ""Fox (zoology)"", ""Foxs"", ""Sexual characteristics of foxes""]",True,0.8705,5342.0,24576.0,226.31,197.0009
20260610_183934,80,313,ordered,,234,Who provided the voice for Bob The Builder on his number one hit Can We Fix It?,Bob The Builder,"[""Neil morisey"", ""Neil Morrisy"", ""Neil A. Morrissey"", ""Neil Morrissey"", ""Neil morissey"", ""Neil A Morrissey"", ""Neil Anthony Morrissey"", ""Neil Morrisey""]",False,0.8553,5342.0,24576.0,227.72,194.7741
20260610_183934,81,314,ordered,,234,Which actor received 4 million dollars for his 10 minutes on screen in the film Superman?,Christopher Reeve,"[""Marlon Brando Jr."", ""Marlon brando"", ""Marlon Brando Jr"", ""Marlin Brando"", ""Marlon Brando, Jr."", ""Brandoesque"", ""Marlon Brando"", ""Brando family""]",False,0.8742,5342.0,24576.0,228.16,199.4647
20260610_183934,82,315,ordered,,234,"Who directed the films Thelma and Louise, Hannibal and Black Hawk Down?",Ridley Scott,"[""Gertrude Bell (2014 film)"", ""Gertrude Bell (film)"", ""Ridley Scott"", ""Ridley Scott Associates"", ""Sir Ridley Scott""]",True,0.871,5342.0,24576.0,226.43,197.2303
20260610_183934,83,316,ordered,,234,"Which serial killer is the subject of the films A Study In Terror, Murder By Decree and From Hell?",Jack the Ripper,"[""Whitechapel Murderer"", ""Annie Millwood"", ""Jack the ripper"", ""Fairy Fay"", ""Leather Apron"", ""Jack The Ripper"", ""Ripperology"", ""Jack the Ripper non-fiction"", ""Ripperologists"", ""Leatherapron"", ""Jack the Ripper"", ""Jack-the-Ripper"", ""Whitechapel murderer"", ""The Whitechapel murderer"", ""Ripperologist"", ""Annie Farmer"", ""Leather apron"", ""The Pinchin Street Murder"", ""Ada Wilson"", ""Jack the rippers victims"", ""The Whitechapel Murderer""]",True,0.8643,5342.0,24576.0,227.5,196.6332
20260610_183934,84,317,ordered,,234,"In cricket, what is the score of 111 known as?",A century,"[""Nélson"", ""Nelson (film)"", ""Nelson (disambiguation)"", ""Nelson""]",False,0.8712,5340.0,24576.0,226.43,197.2568
20260610_183934,85,318,ordered,,234,"Who wrote the novels About A Boy, How To Be Good and High Fidelity?",Nick Hornby,"[""Nick Hornby"", ""Hornby, Nick""]",True,0.8653,5342.0,24576.0,227.77,197.0912
20260610_183934,86,319,ordered,,234,"With which game would you use a squidger, a circular disc between 25mm and 51 mm?",1. Badminton,"[""Tiddly winks"", ""Tiddlywinks"", ""Tiddly-winks"", ""Tidleywinks"", ""Tiddliwinks"", ""Tiddlewinks"", ""Tiddlywink""]",False,0.8709,5342.0,24576.0,227.46,198.0852
20260610_183934,87,320,ordered,,234,The melody for which famous song was written by sisters and school teachers Patty and Mildred Hill in Kentucky in 1893?,“My Old Kentucky Home”,"[""Happy Birthday (song)"", ""Happy Birthday (disambiguation)"", ""Hapy birthday"", ""Happy birthday"", ""Happy Birthday (album)"", ""Happy Birthday (film)"", ""Happy Birthday""]",False,0.8763,5342.0,24576.0,226.88,198.8098
20260610_183934,88,321,ordered,,234,What is the most common pub name in the UK?,The Black Horse,"[""Red lion"", ""The Red Lion"", ""Red Lion"", ""Red Lion (disambiguation)""]",False,0.8688,5340.0,24576.0,227.68,197.8067
20260610_183934,89,322,ordered,,234,What is the name of Kevin the teenager's friend played by Kathy Burke in a series of sketches with Harry Enfield?,Kevin the Teenager,"[""Perry (drink)"", ""Perry"", ""Pear cider"", ""Pear Cider"", ""Perry (Drink)"", ""Pear scrumpy"", ""Pear wine""]",False,0.8554,5342.0,24576.0,229.45,196.2715
20260610_183934,90,323,ordered,,234,"What seven letter word, beginning with the letters 'Ra' is a palindrome?",Radar,"[""Racing cars"", ""Automobile Racing"", ""Automotive racing"", ""Car racing"", ""Race driver"", ""Racecars"", ""Automobile racer"", ""Autorace"", ""Car race"", ""Autosports"", ""Racecar"", ""Race cars"", ""Automobile race"", ""🏎"", ""Racing driver"", ""AutoRacing"", ""Racing Car"", ""Auto racing"", ""Auto Racing"", ""Auto race"", ""Race-car"", ""Race Cars"", ""Auto Race"", ""Race car"", ""Racing car"", ""Race car driver"", ""Automobile racing"", ""Racecar driver""]",False,0.8601,5342.0,24576.0,229.91,197.746
20260610_183934,91,324,ordered,,234,Which fruit can go in the middle of the word aped to make a new word?,Apple,"[""Pear (fruit)"", ""Pear tree"", ""Pear"", ""Culture of pear"", ""🍐"", ""Pear juice"", ""Pearwood"", ""Pyrus""]",False,0.876,5342.0,24576.0,229.42,200.963
20260610_183934,92,325,ordered,,234,How many scottish football league teams names end in United?,10,"[""3"", ""three""]",False,0.8817,5340.0,24576.0,228.37,201.3468
20260610_183934,93,326,ordered,,234,Who had a top ten hit in the UK with Cupid in 1961?,The Shadows,"[""I Thank God"", ""Sam Cooke"", ""Bertha Franklin"", ""Dale Cook (singer)""]",False,0.861,5342.0,24576.0,228.4,196.6474
20260610_183934,94,327,ordered,,234,The theme tune to which TV show starts with the line Stick a pony in me pocket?,The Benny Hill Show,"[""Sunglasses Ron"", ""Lovely jubly"", ""Only Fools and Horses"", ""Voted Britain's Best Sitcom"", ""Only Fools and Horses..."", ""Only Fools"", ""Yernly Fyerls and Nesbits"", ""Only Fools & Horses"", ""Trotters International Traders Plc"", ""Once upon a time in peckham"", ""OF&H"", ""Nelson Mandella House"", ""Paddy The Greek"", ""Only Fools And Horses"", ""Trotters Independent Traders"", ""Only fools and horses"", ""George Trotter"", ""Peckham Echo""]",False,0.8739,5342.0,24576.0,229.38,200.4664
20260610_183934,95,328,ordered,,234,What word is given to a point in tennis which has to be replayed?,Let,"[""Let (disambiguation)"", ""Let"", ""LET"", ""LET (disambiguation)""]",True,0.929,5342.0,24576.0,224.75,208.8011
20260610_183934,96,329,ordered,,234,How many episodes of Prisoner: Cell Block H were made?,100,"[""692"", ""six hundred and ninety-two""]",False,0.8607,5340.0,24576.0,227.09,195.4639
20260610_183934,97,330,ordered,,234,Who is the last English-born player to win the men's singles title at Wimbledon?,"Fred Perry, 1936","[""Fred Perry"", ""Fred J. Perry"", ""Frederick John Perry""]",True,0.868,5342.0,24576.0,229.43,199.1436
20260610_183934,98,331,ordered,,234,"Which famous painter's surname was Harmenzoon van Rijn which translated as son of Harmen, of the Rhine?",Rembrandt,"[""Rembrandt"", ""Van Rejn"", ""Rembrandt Harmenszoon van Rijn"", ""Rembrandt van Riji"", ""Rembrandt Harmenzsoon van Rijn"", ""Reimbrond Vainrein"", ""Rembrand van Rijn"", ""Remberandt"", ""Rembrandt Harmenszoon Van Rijn"", ""Rembrant"", ""Rembrandt Harmensz. van Rijn"", ""Rembrandt Harmenszoon van Ryn"", ""Rembrandt van Rijn"", ""Rembrandt Van Rijn"", ""Rembrandt Harmensz van Rijn"", ""Rembrant van Rijn"", ""Rembrand""]",True,0.8641,5342.0,24576.0,229.84,198.6049
20260610_183934,99,332,ordered,,234,"In 1976, which gymnast scored 7 maximum scores of 10 as she won three gold medals, one silver and one bronze?",Nadia Comaneci,"[""Nadia Elena Comăneci"", ""Nadia Comăneci"", ""Comaneci"", ""Nadia Comenici"", ""Nadia Comeneci"", ""Comaneci, Nadia"", ""Nadia Comaneci"", ""Comăneci"", ""Nadia Elena Comaneci"", ""Nadia comeneci""]",True,0.8798,5344.0,24576.0,231.53,203.7018
20260610_183934,100,333,ordered,,234,"In years and days, how old was Luigina Giavotti when she won a silver medal in gymnastics in 1928, and is still the youngest medal winner today?",14 years and 10 days,"[""11 years and 302 days""]",False,0.8656,5344.0,24576.0,228.92,198.1566
