session_id,num_questions,mode,seed,start_index,question_number_in_session,question_index_in_dataset,question,model_answer,ground_truth_aliases,is_correct,send_request_time,network_latency,receive_response_time,client_total_time,processing_non_inference_time,inference_time,cloud_total_time,communication_time,computation_time,api_total_time,gpu_memory_used_mb,gpu_memory_total_mb,gpu_power_watts,energy_joules_estimate
20260701_151914,100,random,44,,1,13386,"Who has been under house arrest for 15 of the past 21 years, and was released from the latest sentence on 13 November 2010?",Aung San Suu Kyi,"[""Daw Suu"", ""Aung Sang Suu Kyi"", ""အောင်ဆန်းစုကြည်"", ""Aung San Suu Kyi"", ""Ang San So Kii"", ""Suu Kyi"", ""Daw Aung San Suu Kyi"", ""Aung san suu kyi"", ""Aung Sun Suu Kyi"", ""Aung San Suu Ki"", ""Aung Suu Kyi"", ""Aung San Sui Kyi"", ""Assk"", ""Aung Sun Su Kyi"", ""Aung San Su Kyi"", ""Daw Aung San Suu Ky"", ""Ang San Su Chee"", ""Aung San Su Ki"", ""ASSK"", ""အောင်ဆန်းစုကြည"", ""Aang san suu kyii"", ""Daw Suu Kyi""]",True,0.0,0.5431,0.0001,0.5432,0.0159,0.2754,0.2913,0.5432,0.2913,0.8345,5642.0,32607.0,163.98,45.1642
20260701_151914,100,random,44,,2,17040,238 AD is known in Roman history as the Year of the ........ (how many) Emperors?,4,"[""SIX"", ""six"", ""6""]",False,0.0,0.5202,0.0002,0.5204,0.0145,0.2727,0.2872,0.5204,0.2872,0.8076,5642.0,32607.0,135.64,36.9914
20260701_151914,100,random,44,,3,17759,"Luminol, a chemical that exhibits chemiluminescence, is often used by forensic examiners to try and detect trace amounts of what?",Blood,"[""A blood"", ""Type O blood"", ""AB blood"", ""B type blood"", ""🆎"", ""B blood"", ""A type blood"", ""O blood"", ""Isohaemagglutinin"", ""ABO system"", ""AB0 blood group system"", ""Abo blood type"", ""Type A blood"", ""ABO blood group system"", ""ABO blood system"", ""B antigen"", ""AB0"", ""H substance"", ""ABO blood types"", ""O type blood"", ""ABO blood group"", ""ABO blood groups"", ""A and o"", ""Isohemagglutinin"", ""A antigen"", ""ABO"", ""blood"", ""Substance H"", ""ABO grouping"", ""ABO phenotypes"", ""ABO blood type"", ""Type AB"", ""🅱"", ""🅰"", ""Isohaemagglutinins"", ""Blood type AB"", ""Abo blood group"", ""Abo blood-group system"", ""🅾""]",True,0.0,0.6303,0.0002,0.6306,0.0148,0.2719,0.2867,0.6306,0.2867,0.9173,5642.0,32607.0,139.13,37.83
20260701_151914,100,random,44,,4,3822,"Prince Philip, Duke of Edinburgh, was born on which island?",Greece,"[""Corcyra"", ""Corfu"", ""Kerkira"", ""Corfou"", ""Corfiote"", ""Kerkyra"", ""The corfu incident"", ""Kerkira Island, Greece"", ""Island of Corfu"", ""Corfù"", ""Kérkira"", ""Corcyraean"", ""Korfu"", ""Ancient Corcyra"", ""Corfu, Greece""]",False,0.0,0.5014,0.0002,0.5016,0.0147,0.273,0.2878,0.5016,0.2878,0.7893,5642.0,32607.0,167.46,45.7242
20260701_151914,100,random,44,,5,5788,Which post in England and Wales is held by Anne Owers?,Chief Inspector of Prisons,"[""Chief inspector of prisons"", ""Her Majesty's Inspectorate of Prisons"", ""Chief Inspector of Prisons"", ""HM Inspector of Prisons"", ""(CHIEF) INSPECTOR OF PRISONS"", ""Her Majesty's Chief Inspector of Prisons"", ""HM Inspectorate of Prisons""]",True,0.0,0.4666,0.0003,0.4669,0.0154,0.272,0.2873,0.4669,0.2873,0.7542,5642.0,32607.0,135.53,36.8577
20260701_151914,100,random,44,,6,12437,The 2014 'Bendgate' controversy/publicity concerned version 6 of which famous product?,iPhone,"[""Bendgate"", ""Apple iphone 6"", ""IPhone6"", ""IPhone 6+"", ""Bend-gate"", ""Apple iPhone 6"", ""IPhone 6"", ""IPhone 6 Plus"", ""I phone 6 plus"", ""Iphone 6""]",False,0.0,0.6326,0.0003,0.6329,0.0158,0.2717,0.2875,0.6329,0.2875,0.9204,5642.0,32607.0,139.68,37.9551
20260701_151914,100,random,44,,7,7378,"According to the Bible, which was the only one of the twelve disciples who was actually present at the foot of the Cross as Jesus was crucified?",John,"[""Saint John"", ""Sinjin"", ""Saint John (city)"", ""Saint John (disambiguation)"", ""St. John"", ""Sint Jan"", ""St John"", ""St john (disambiguation)"", ""St. Jan"", ""St.John""]",False,0.0,0.4318,0.0003,0.4321,0.0148,0.274,0.2888,0.4321,0.2888,0.7209,5642.0,32607.0,185.34,50.7765
20260701_151914,100,random,44,,8,9488,Who played 'Peter Pan' in Spielberg's 'Hook'?,Dustin Hoffman,"[""Robin Willaims"", ""Robin Williams"", ""Susan Schneider"", ""Robin williams"", ""Cody Alan Williams"", ""Marty Fromage"", ""Zachary Pym Williams"", ""Sudy Nim"", ""Zachary Williams"", ""Zak Williams"", ""Robin Williams: Live on Broadway"", ""Pecos Bill (album)"", ""Robbin Williams"", ""Throbbing Python of Love"", ""Robin williams off the wall"", ""Robin McLaurin Williams"", ""Robin williams live on broadway"", ""Valerie Velardi"", ""Ray D. Tutto"", ""Cody A. Williams"", ""Robin McLaurim Williams""]",False,0.0,0.4628,0.0002,0.463,0.0152,0.2717,0.2869,0.463,0.2869,0.75,5642.0,32607.0,135.84,36.9103
20260701_151914,100,random,44,,9,953,"Which fictional character is the subject of George Frampton’s bronze statue in Kensington Gardens, London?",Alice Liddell,"[""Peter Pan (literary character)"", ""Peter Pan (fictional character)"", ""Peter pan"", ""Peter Pan (literature character)"", ""Peter Pan (person)"", ""Peter Pan (character)"", ""Peter Pan"", ""Peter Pan (lierature character)""]",False,0.0,0.462,0.0001,0.4622,0.0147,0.2719,0.2866,0.4622,0.2866,0.7488,5642.0,32607.0,185.75,50.5095
20260701_151914,100,random,44,,10,7362,Which spirit is the base of the cocktails Planter’s Punch and Sundowner?,Rum,"[""Spiced Rum"", ""Spiced rum"", ""Rum"", ""Gunpowder Rum"", ""Rum (beverage)"", ""White rum"", ""Jamaica Spirits"", ""Caña blanca"", ""Dark rum"", ""White Rum"", ""Cuban rum"", ""Jamaica Spirit"", ""Gold rum"", ""Cane spirit"", ""Light rum"", ""Black rum"", ""Rude rum"", ""Hard rum"", ""Overproof rum"", ""Coconut rum""]",True,0.0,0.4313,0.0003,0.4316,0.0145,0.2717,0.2862,0.4316,0.2862,0.7179,5642.0,32607.0,150.58,40.9121
20260701_151914,100,random,44,,11,288,"On the London Underground, which is the only line to connect at some point with every other line on the system?",The Jubilee Line,"[""Jubilee line"", ""Fleet Line"", ""The Jubilee Line"", ""Jubilee Line"", ""Fleet line""]",True,0.0,1.0561,0.0003,1.0564,0.0152,0.2724,0.2877,1.0564,0.2877,1.3441,5642.0,32607.0,134.87,36.7451
20260701_151914,100,random,44,,12,3282,Astana is the capital of which country?,Kazakhstan,"[""Name of Kazakhstan"", ""Kazakistan"", ""Constitution Day (Kazakhstan)"", ""Kazahstan"", ""Kazakstan"", ""ISO 3166-1:KZ"", ""Kazahastan"", ""Kazakh Eli"", ""قازاقستان"", ""قازاقستان رەسپۋبلىيكاسى"", ""Respublika Kazakhstan"", ""Қазақстан"", ""Day of the Capital"", ""Etymology of Kazakhstan"", ""Қазақстан Республикасы"", ""Qazaqstan Respublïkası"", ""Kazastan"", ""Kazakh Yeli"", ""Казахстан"", ""Public holidays in Kazakhstan"", ""Kazhakstan"", ""Khazakhstan"", ""Kazakh Republic"", ""Kazakhstan"", ""Казакстан"", ""Kazachstan"", ""Республика Казахстан"", ""KA3AXCTAH"", ""Khazahstan"", ""Khazakastan"", ""Khazakstani"", ""KAZAKHSTAN"", ""Khazakstan"", ""Qazaqstan"", ""KA3AKCTAH"", ""Kazahkstan"", ""ҚР"", ""Republic of Kazakhstan"", ""The Republic of Kazakhstan"", ""Administrative divisions of Kazakhstan"", ""Kazakhistan"", ""Kazajastan"", ""Kazakhia""]",True,0.0,0.7767,0.5112,1.2879,0.0147,0.273,0.2877,1.2879,0.2877,1.5756,5642.0,32607.0,140.68,38.4079
20260701_151914,100,random,44,,13,5134,What name is given to any part of a circle that is bounded by two radii and an arc of the circumference?,Chord,"[""Sector"", ""SECTOR"", ""Sectors"", ""Sectorally"", ""Sector (disambiguation)"", ""Sectoral""]",False,0.0,0.6602,0.0003,0.6605,0.0155,0.2737,0.2892,0.6605,0.2892,0.9497,5642.0,32607.0,129.06,35.328
20260701_151914,100,random,44,,14,16833,On a clothing label a cross through what shape means 'Do Not Dry Clean'?,Triangle,"[""Centre for Innovation Research and Competence in the Learning Economy (CIRCLE)"", ""Centre for Innovation, Research and Competence in the Learning Economy"", ""Centre for Innovation, Research and Competence in the Learning Economy (CIRCLE)"", ""CIRCLE, Lund"", ""CIRCLE (research institute)"", ""CIRCLE""]",False,0.0,0.5154,0.0003,0.5157,0.0152,0.2748,0.29,0.5157,0.29,0.8057,5642.0,32607.0,134.92,37.0708
20260701_151914,100,random,44,,15,9928,What is the official color of the UPS trucks?,UPS trucks are painted in a color called “UPS Blue.”,"[""Orangeish blacks"", ""Light brown"", ""Orangeish black"", ""Black oranges"", ""Blackish-oranges"", ""Black-oranges"", ""Orangeish-black"", ""Orangeblack"", ""Orange-black"", ""Orangeish-blacks"", ""Brownest"", ""Pullman Brown"", ""Brownishly"", ""Blackish orange"", ""Brown"", ""List of terms associated with the color brown"", ""Orange-blacks"", ""Blackish oranges"", ""Orangeishblacks"", ""Brownness"", ""Orangeishblack"", ""Orangish-blacks"", ""Orangish blacks"", ""Pale Sandy Brown"", ""Blackish-orange"", ""Orangishblack"", ""Blackorange"", ""Brownishness"", ""Blackishoranges"", ""Brownish"", ""Orangish-black"", ""Black orange"", ""Orangish black"", ""Pullman brown"", ""Blackishorange"", ""Orange blacks"", ""Brown (colour)"", ""Black-orange"", ""Blackoranges"", ""Orangishblacks"", ""Dark brown"", ""Brown (color)"", ""Reddish brown"", ""Orangeblacks"", ""Brownly"", ""Orange black""]",False,0.0,0.5126,0.0003,0.5129,0.0155,0.2725,0.2881,0.5129,0.2881,0.8009,5642.0,32607.0,149.3,40.688
20260701_151914,100,random,44,,16,12400,At which sport has Indonesia won several medals including gold in each Summer Olympics from 1992-2008?,Badminton,"[""Rules of badminton"", ""Badders"", ""Badmitton"", ""Shuttler"", ""Badminton 1000 bc"", ""Badmington"", ""Badmitten"", ""Badminton players"", ""Badminton"", ""Badminton racquet"", ""🏸"", ""Badmiton"", ""History of badminton""]",True,0.0,0.4313,0.0003,0.4316,0.0148,0.273,0.2878,0.4316,0.2878,0.7194,5642.0,32607.0,137.92,37.6493
20260701_151914,100,random,44,,17,13272,Who married Heidi Klum in May 2005?,Seal,"[""Seal (disambiguation)"", ""Seal (album)"", ""Sealed"", ""Seal""]",True,0.0,0.6498,0.4939,1.1437,0.0152,0.2723,0.2875,1.1437,0.2875,1.4313,5642.0,32607.0,139.9,38.0993
20260701_151914,100,random,44,,18,10686,Who composed the ballet ‘Swan Lake’?,Tchaikovsky,"[""Tsjajkovskij"", ""Tchaicovski"", ""Piotr Czajkowski"", ""Piotr Il'yich Tchaikovsky"", ""Tchaicovksy"", ""Peter Illyich Tchaikovsky"", ""Tschaikovsky"", ""Tchaichovsky"", ""Tschaikovski"", ""Tschaikowsky"", ""Пётр Чайковский"", ""Piotr Tchaikovsky"", ""Piotr Ilyitch Tchaikovsky"", ""P. I Tschaikovsky"", ""Tschaikowski"", ""Pyotr Chaykovsky"", ""Tsjaikovskij"", ""Piotr Ilitsch Tschaikowski"", ""Petr Ilyich Tchaikovsky"", ""Peter Ilyitch Tschaikovsky"", ""Tchiachovski"", ""Tchaikovsky"", ""Пётр Чайко́вский"", ""Pjotr Ilych Tchaikovsky"", ""Tchaikovski"", ""Ilyich Tchaikovsky"", ""Peter Ilyich Tschaikowsky"", ""Pyotr Chaikovsky"", ""Piotr Iljicz Czajkowskij"", ""Tchaicovsky"", ""P I Tchaikovski"", ""Tjajkovskij"", ""Tchaikofski"", ""Peter Ilyich Tchiakovsky"", ""Pjotr Tšaikovski"", ""P I Tchaikovsky"", ""Piotr Ilich Tschaikowsky"", ""Tchaikofsky"", ""Pietr Tchaikowsky"", ""Tchaikovasky"", ""Peter Illich Tchaikovsky"", ""Pyotr Ilyich Tchaikowsky"", ""P. I. Tschaikovsky"", ""Pjotr Iljitsch Tschaikowsky"", ""Pjotr Iljitsch Tschaikowski"", ""Чайко́вский"", ""P. I. Tchaikovski"", ""Tchaikowsky"", ""Peter Tchaikovski"", ""P. I. Tchaikovsky"", ""Tchaikowski"", ""Petr Il’ic Cajkovskij"", ""Peter I. Tchaikovski"", ""Pyotr Il'ich Chaykovsky"", ""Pyotr Illich Tchaikovsky"", ""Pyotr Ilyich"", ""Pytor Il'yich Chaykovsky"", ""Pyotr Illych Tchaikovsky"", ""Peter Tschaikowsky"", ""Peter Illich Tschaikowsky"", ""Petr chaikovskiy"", ""Pëtr Ilyich Tchaikovsky"", ""Pjotr Tjajkovskij"", ""Peter Ilich Tchaikovsky"", ""Pyotr Il'yich Tchaikovsky"", ""Peter I. Tchaikovsky"", ""Pyotr Ilich Tchaikovsky"", ""Petr Il'ic Cajkovskij"", ""Pyotr Il’yich Tchaikovsky"", ""Pyotr Ilyich Chaykovsky"", ""Peter Tchaikovsky"", ""Peter Ilyich Tchaikovsky"", ""Peter Tschaikovsky"", ""Pëtr Il’ič Čajkovskij"", ""P.I. Tschaikovsky"", ""Tchaikovksy"", ""Tschaicowsky"", ""Tchicovski"", ""Čajkovskij"", ""Pyotr Tchaikowsky"", ""Piotr Iljitsch Tchaikowsky"", ""Pëtr Ilyich Chaikovsky"", ""Peter Ilyitch Tchaikovsky"", ""Peter I Tchaikovsky"", ""Pyotr Ilyich Tchaikovsky"", ""Pyotr Ilyich Tschaikovsky"", ""Pyotr Il’ich Chaykovsky"", ""Пётр Ильи́ч Чайко́вский"", ""Piotr Ilyich Tchaikovsky"", ""Pyotr Il'yich Chaikovsky"", ""Pyotr Tchaikovsky"", ""Чайковский""]",True,0.0,0.4844,0.0002,0.4846,0.0144,0.2718,0.2862,0.4846,0.2862,0.7708,5642.0,32607.0,110.13,29.9339
20260701_151914,100,random,44,,19,11740,"Whose official country residence is Dorneywood, Buckinghamshire?",Queen Elizabeth II,"[""Chancellor of the exchequer"", ""Chancellor of the Exchequer"", ""Chancellor Of the Exchequer Treasury"", ""Chancellor of the Exchquer"", ""The Chancellor of the Exchequer"", ""British Chancellor"", ""Chancellor of the Exchequer of England""]",False,0.0,0.6513,0.0001,0.6515,0.0151,0.2724,0.2875,0.6515,0.2875,0.9389,5642.0,32607.0,161.04,43.8702
20260701_151914,100,random,44,,20,2410,"""The song """"Have yourself a merry little Christmas"""" comes from which musical?""","""A Christmas Carol""","[""MEET ME IN ST LOUIS"", ""Meet Me In St. Louis"", ""Meet Me in St Louis"", ""Meet Me in St. Louis (film)"", ""Meet Me in St. Louis""]",False,0.0,0.6155,0.0003,0.6158,0.0152,0.2718,0.2871,0.6158,0.2871,0.9028,5642.0,32607.0,139.89,38.0259
20260701_151914,100,random,44,,21,11102,Which US artist married Lee Krasner in 1945?,Jackson Pollock,"[""Paul Jackson Pollock"", ""Pollock, Jackson"", ""Number 1 (painting)"", ""Jack the Dripper"", ""Lavender Mist"", ""Jackson pollock"", ""Jackson Polluck"", ""Jackson Pollock"", ""Jackson Pollack"", ""One: Number 31"", ""Number 1 (Jackson Pollock)"", ""Pollockian""]",True,0.0,0.4885,0.0002,0.4887,0.0145,0.2737,0.2883,0.4887,0.2883,0.777,5642.0,32607.0,139.83,38.2773
20260701_151914,100,random,44,,22,9264,What is the Great Smoo?,"The Great Smoo is a 100-mile (160 km) long, 10-mile (16 km) wide,","[""Cave (surname)"", ""A Cave"", ""CAVE"", ""Cave (video games)"", ""Cave (disambiguation)""]",False,0.0,0.4351,0.0003,0.4354,0.0152,0.272,0.2872,0.4354,0.2872,0.7225,5642.0,32607.0,142.27,38.6928
20260701_151914,100,random,44,,23,5211,The flag of which European country is a blue-white-red horizontal tricolour with the coat of arms centred vertically but located left of centre horizontally?,Spain,"[""Сърбия"", ""Serubia"", ""ISO 3166-1:RS"", ""RS of Serbia"", ""Serbie"", ""Serbian state"", ""Performing arts of Serbia"", ""Serbia"", ""Srvija"", ""Србија"", ""Etymology of Serbia"", ""Република Србија"", ""Republika Srbija"", ""Republic of Serbia"", ""Serbia, Yugoslavia"", ""Srbija"", ""Serbo"", ""Largest cities of Serbia"", ""Szerbia""]",False,0.0,0.6649,0.0003,0.6652,0.0148,0.2724,0.2872,0.6652,0.2872,0.9524,5642.0,32607.0,135.54,36.915
20260701_151914,100,random,44,,24,3670,"""What is the last name of """"Oprah""""?""",Winfrey,"[""Winfrey""]",True,0.0,0.7344,0.0003,0.7347,0.0147,0.2726,0.2872,0.7347,0.2872,1.022,5642.0,32607.0,140.19,38.2095
20260701_151914,100,random,44,,25,16744,Which acid is contained in Grapes?,Tartaric acid,"[""Tartaric acid"", ""2,3-dihydroxybutanedioic acid"", ""Threaric acid"", ""E334"", ""Tart flavor"", ""Dihydroxysuccinic acid"", ""Paratartaric acid"", ""Cream of tatar"", ""Wine Diamonds"", ""Tartaric Acid"", ""D-tartaric acid"", ""Tartaric crystals"", ""TARTARIC ACID"", ""Uvic acid"", ""L-tartaric acid"", ""C4H6O6"", ""Tartraric acid"", ""Mesotartaric acid"", ""(R,R)-tartrate"", ""2,3-dihydroxysuccinic acid"", ""Tartaric (acid)""]",True,0.0,1.6707,0.0002,1.671,0.0146,0.2717,0.2863,1.671,0.2863,1.9573,5642.0,32607.0,89.38,24.284
20260701_151914,100,random,44,,26,2295,"Which is the most northerly of the islands of Japan? Its capital, Sapporo, has hosted the Winter Olympics.",Hokkaido,"[""Hokkaidou prefecture"", ""北海道"", ""Hokkaido region"", ""Bilkalberta"", ""Mosir"", ""Hokkaidō Prefecture"", ""Hokkaido Prefecture"", ""Hokkaidou"", ""JP-01"", ""Hokkaido Japan"", ""HOKKAIDO"", ""Hokkaidō, Japan"", ""Hokkaidoh prefecture"", ""Hokkaidoo"", ""Ezochi"", ""Hokkaidô, Japan"", ""Hokkaido, Japan"", ""Hokkaidoo prefecture"", ""Hokkai"", ""Hokkai-do"", ""Hokkaidoo region"", ""Beihaidao"", ""Hokkaidō region"", ""Bilk (drink)"", ""Hokaido"", ""Hokkaidō"", ""Hokkaido (Japan)"", ""Hokkaidou Prefecture"", ""Hokkaidô Prefecture"", ""Hokkaidô"", ""Hokkaido Island"", ""Hokkaidoh"", ""Jesso"", ""Hokkaidō prefecture"", ""Hokkaido"", ""Hokkaido prefecture""]",True,0.0,1.0796,0.5076,1.5872,0.015,0.2743,0.2893,1.5872,0.2893,1.8765,5642.0,32607.0,93.75,25.7192
20260701_151914,100,random,44,,27,3100,"The inventors of Penicillin, Television, the Bank of England, the BBC, and the decimal point were?",The British,"[""Scottish (disambiguation)"", ""Scotish"", ""Scottish""]",False,0.0,0.5427,0.0001,0.5429,0.0158,0.2722,0.288,0.5429,0.288,0.8309,5642.0,32607.0,113.75,30.9657
20260701_151914,100,random,44,,28,8847,In German towns and cities what is the S-Bahn,A fast train that runs on a separate track from the main line,"[""Fixed rail"", ""Rail-road"", ""Rail industry"", ""Wilkes-Barre and Harvey’s Lake Railroad"", ""Rail road"", ""Railroad Construction"", ""Rail service"", ""Rail network"", ""Rail-way"", ""Railway System"", ""Rail transportation"", ""Train travel"", ""Railways"", ""Passenger rail"", ""Trains and Railways"", ""Railroad"", ""Rail travel"", ""Train transportation"", ""Train transport"", ""RailTransport"", ""Railwaymen"", ""Rail system"", ""Railwayman"", ""Railway transport"", ""Railed vehicle"", ""Passenger rail transport"", ""Rail Transport"", ""Railroading"", ""Railway"", ""Railroad worker"", ""Rail (transport)"", ""Rail way"", ""Railroader"", ""Railway industry"", ""Railroads"", ""Railroad construction"", ""Rail transport"", ""Railway system""]",False,0.0,0.6478,0.0003,0.6481,0.0164,0.2713,0.2877,0.6481,0.2877,0.9358,5642.0,32607.0,171.81,46.6043
20260701_151914,100,random,44,,29,10335,What are the flat treeless plains of Argentina called?,Pampas,"[""Pampas"", ""Pampa"", ""The Pampa"", ""Pampa grassland"", ""The Pampas""]",True,0.0,0.6734,0.0002,0.6736,0.0155,0.2717,0.2872,0.6736,0.2872,0.9609,5642.0,32607.0,139.34,37.862
20260701_151914,100,random,44,,30,3529,"""What latin phrase means """"unaccompanied"""" when applied to music?""","""a capella""","[""Acappella"", ""Acapella"", ""A'cappella"", ""A cappela"", ""A Cappella"", ""A-capella"", ""Contemporary a cappella"", ""A-Capela"", ""A capella"", ""Capella music"", ""Recorded A Cappella Review Board"", ""ACappela"", ""A Cappela"", ""Arcapella"", ""A-capela"", ""Accapella"", ""A Capella"", ""Acappela"", ""A cappellas"", ""A capela"", ""A-cappella"", ""A-Cappella"", ""A-Cappela"", ""In the church style"", ""ACappella"", ""A'capella"", ""ACapella"", ""Unaccompanied"", ""A cappella"", ""A-Capella"", ""A-cappela""]",True,0.0,0.7033,0.0003,0.7036,0.0145,0.2717,0.2863,0.7036,0.2863,0.9898,5642.0,32607.0,134.86,36.642
20260701_151914,100,random,44,,31,9493,Carbon dioxide in solid form is called what?,Dry ice,"[""Cardice"", ""Dry-ice"", ""Dryice"", ""Dry ice"", ""Card ice"", ""Carbon dioxide ice"", ""Dry Ice""]",True,0.0,0.7724,0.0003,0.7727,0.0146,0.2718,0.2864,0.7727,0.2864,1.0591,5642.0,32607.0,133.49,36.2841
20260701_151914,100,random,44,,32,1146,What colour jumper does fictional character Rupert the Bear wear?,Blue.,"[""Red (colour)"", ""Rgb(255, 0, 0)"", ""Incarnadining"", ""Rauður"", ""Incarnadine"", ""Red (political adjective)"", ""FF0000"", ""Red Movement"", ""Red"", ""Red (Colour)"", ""Reddeners"", ""Reddest"", ""Reddened"", ""Redishly"", ""Firebrick red"", ""Reddens"", ""Reddener"", ""Color red"", ""Reddishness"", ""Redly"", ""Aztec red"", ""Red (color)"", ""(255, 0, 0)"", ""Raudur"", ""Color/red"", ""Redest"", ""Redishness"", ""Incarnadined"", ""Incarnadines"", ""Reddishly"", ""List of terms associated with the color red"", ""Redness""]",False,0.0,0.5276,0.0001,0.5278,0.0144,0.2733,0.2877,0.5278,0.2877,0.8155,5642.0,32607.0,134.65,36.7973
20260701_151914,100,random,44,,33,11290,Which US actor played the title role in the television police drama ‘T J Hooker’?,William Shatner,"[""Gloria Rabinowitz"", ""Star Trek (Shatnerverse Novels)"", ""Shatastic"", ""William Shatner"", ""A Twist in the Tale (1998 TV series)"", ""Shatneresque"", ""The Shat"", ""Bill Shatner"", ""Shatnerian"", ""Nerine Kidd"", ""The Shatters"", ""Gloria Rand"", ""Willem shatner"", ""William Alan Shatner"", ""Shatner, William"", ""Will Shatner"", ""Shatnernator"", ""William Shatner SciFi DVD of the Month Club""]",True,0.0,0.5139,0.0003,0.5142,0.0152,0.2715,0.2867,0.5142,0.2867,0.801,5642.0,32607.0,146.19,39.6922
20260701_151914,100,random,44,,34,12644,What animated character does Gene Kelly dance with in the film Anchors Aweigh?,The mermaid,"[""Jerry Mouse"", ""Jerry (Tom and Jerry)""]",False,0.0,0.5051,0.0003,0.5054,0.0152,0.2735,0.2887,0.5054,0.2887,0.7941,5642.0,32607.0,180.25,49.305
20260701_151914,100,random,44,,35,3139,"US veterinary pathologist Daniel Salmon (1850-1914) oversaw the discovery of what, named eponymously?",Salmonellosis,"[""Soul manela"", ""Soulmanila"", ""Salmanilla"", ""Salmonilla"", ""Salmonella Panama"", ""Sourmanila"", ""Soul manilla"", ""Salmanila"", ""Solmanilla"", ""Saulmanella"", ""Sour manella"", ""Samonella"", ""Saulmanela"", ""Sal manela"", ""Sourmanilla"", ""Saurmanilla"", ""Soul manila"", ""Saul manella"", ""Sol manella"", ""Salmanela"", ""Saulmanilla"", ""Salmonella"", ""Solmanila"", ""Sourmanela"", ""Soulmanela"", ""Soulmanella"", ""Sourmanella"", ""Sal manella"", ""Saul manela"", ""Saurmanila"", ""Sour manilla"", ""Saulmanila"", ""Sol manela"", ""Solmanella"", ""Salmonella tryphimurium"", ""Solmanela"", ""Saur manila"", ""Saul manila"", ""Saurmanela"", ""Salmanella"", ""Salmonela"", ""Salmonella phages"", ""Saur manella"", ""Soulmanilla"", ""Sour manila"", ""Sal manilla"", ""Sal manila"", ""Saur manela"", ""Salmonellae"", ""Saur manilla"", ""Saul manilla"", ""Sour manela"", ""Sol manilla"", ""Saurmanella"", ""Soul manella""]",False,0.0,0.6332,0.0003,0.6335,0.0151,0.2726,0.2877,0.6335,0.2877,0.9212,5642.0,32607.0,139.48,38.0228
20260701_151914,100,random,44,,36,15639,"Which popular dessert was invented at the Hungry Monk in Alfriston, Sussex?",Sticky Toffee Pudding,"[""SUSSEX POND""]",False,0.0,0.5712,0.0002,0.5714,0.0142,0.2743,0.2885,0.5714,0.2885,0.8599,5642.0,32607.0,135.38,37.1291
20260701_151914,100,random,44,,37,15601,In which book of the bible is the story of Noah's Ark?,Genesis,"[""Génesis"", ""Genesis (Album)"", ""Genesis (song)"", ""Genisis"", ""Genesis (album)"", ""Book of Genesis (disambiguation)"", ""Genesis (film)"", ""Genesis"", ""Genesis (disambiguation)""]",True,0.0,0.585,0.0001,0.5852,0.0146,0.273,0.2876,0.5852,0.2876,0.8728,5642.0,32607.0,154.32,42.1284
20260701_151914,100,random,44,,38,6244,What was the capital of West Germany from 1949 to 1990?,Bonn,"[""Castra Bonnensis"", ""Bonnsch (beer)"", ""Schwarzrheindorf/Vilich-Rheindorf"", ""Bönnsch (beer)"", ""Capital of West Germany"", ""UN/LOCODE:DEBON"", ""Bonn, Germany"", ""Schwarzrheindorf"", ""Bundesdorf"", ""Bonn"", ""Bonn am Rhein"", ""Bonna"", ""Boennsch (beer)"", ""Bonn (district)""]",True,0.0,2.019,0.0003,2.0193,0.0153,0.272,0.2873,2.0193,0.2873,2.3066,5642.0,32607.0,86.7,23.5835
20260701_151914,100,random,44,,39,6179,"Cardonagh, the most northerly town in Ireland is in which county?",Donegal,"[""Dun na nGall"", ""Donegal"", ""Donegal town"", ""DONEGAL"", ""Donegal, Ireland"", ""Dún na nGall"", ""Donegal Borough"", ""Donegal Town"", ""Donegal, ireland""]",True,0.0,0.4461,0.0002,0.4464,0.0147,0.2726,0.2873,0.4464,0.2873,0.7337,5642.0,32607.0,145.37,39.6308
20260701_151914,100,random,44,,40,4261,What colour is lapis lazuli?,Blue,"[""Blue"", ""Rgb(0, 0, 255)"", ""Orphan blue"", ""Slate Blue (color)"", ""Bluishness"", ""Dark Blue (color)"", ""Pale Blue"", ""Blue in human culture"", ""Blue (color)"", ""Police car blue"", ""Blue (Colour)"", ""Blueishness"", ""List of terms associated with the color blue"", ""Caspian blue"", ""Blue (colour)"", ""Light-blue"", ""Bluest"", ""Bluish"", ""Bluishly"", ""(0, 0, 255)"", ""Blueishly"", ""Bluer"", ""Blae"", ""Blueness""]",True,0.0,0.4507,0.0002,0.4509,0.0146,0.273,0.2876,0.4509,0.2876,0.7385,5642.0,32607.0,140.04,38.2302
20260701_151914,100,random,44,,41,8465,Which film studio produced the 'Bugs Bunny' cartoons?,Warner Bros.,"[""The Warner Brothers (and Sister)"", ""Mindy and Buttons"", ""Yakko"", ""Goodfeathers"", ""Yakko, Wakko and Dot"", ""The Warner Brothers"", ""WARNER BROTHERS"", ""Yakko Wakko and Dot"", ""Princess Angelina Contessa Louisa Francesca Banana Fanna Bo Besca the 3rd"", ""Katie Kaboom"", ""Minerva Mink"", ""The Warners"", ""Flavio and Maurita"", ""Buttons and mindy"", ""Randy Beaman"", ""The Warner Bros."", ""Yakko Warner"", ""Mr. Skullhead"", ""Ralph the Guard"", ""Beanie the Brain-Dead Bison"", ""Ms. Flammeil"", ""List of minor Animaniacs characters"", ""Hello Nurse (Animaniacs)"", ""Yakko Wacko and Dot"", ""Miss Flammeil"", ""Flavio and Marita"", ""The Warner Brothers (and the Warner Sister)"", ""Yacko Wacko and Dot"", ""Thaddeus Plotz"", ""Dr. Otto Scratchansniff"", ""Katie Ka-Boom"", ""Marita (hippo)"", ""Skippy and Slappy"", ""Hip Hippos"", ""Princess Angelina Contessa Louisa Francesca Banana Fanna Bo Besca the Third"", ""Ms. Flamiel"", ""Yakko, Wakko, and Dot"", ""List of characters in Animaniacs"", ""Minerva Mink (Animaniacs character)"", ""Rita and Runt"", ""Baloney (Animaniacs)"", ""Yacko, Wacko, and Dot"", ""The Warner Sister"", ""Wakko"", ""Chicken Boo"", ""Dot Warner"", ""The Warner Brothers (and the Warner sister)"", ""Slappy Squirrel"", ""List of Animaniacs characters"", ""Good Idea, Bad Idea"", ""Dot (Animaniacs)"", ""Flavio and marita"", ""Walter Wolf (cartoon character)"", ""Animaniacs (character)"", ""Sid the Squid"", ""The Goodfeathers"", ""Dr. Scratchansniff"", ""Skippy Squirrel"", ""Good Idea/Bad Idea"", ""Buttons and Mindy"", ""Wakko Warner"", ""Minor characters from Animaniacs"", ""Skippy and Slappy Squirrel"", ""Otto Scratchansniff""]",True,0.0,0.5773,0.0001,0.5774,0.0145,0.2731,0.2876,0.5774,0.2876,0.865,5642.0,32607.0,135.54,37.0157
20260701_151914,100,random,44,,42,8125,CPE Bach was the son of JS Bach. What was the E in his name?,Emanuel,"[""Immanu'el"", ""'Immanu'el"", ""Emanuel"", ""Emmanuil"", ""'Imanu'el"", ""Imanu'el"", ""Emanuel (disambiguation)""]",True,0.0,0.7357,0.0001,0.7359,0.0148,0.2723,0.2871,0.7359,0.2871,1.023,5642.0,32607.0,135.32,36.8478
20260701_151914,100,random,44,,43,1612,In which year did children’s television show ‘Sesame Street’ debut on US television?,1969,"[""one thousand, nine hundred and sixty-nine"", ""1969""]",True,0.0,1.2435,0.0001,1.2437,0.0148,0.272,0.2868,1.2437,0.2868,1.5305,5642.0,32607.0,89.68,24.395
20260701_151914,100,random,44,,44,1423,"Late English criminal Bruce Reynolds masterminded which infamous robbery, which he later referred to as his ‘Sistine Chapel ceiling’",The Great Train Robbery,"[""The Great Train Robbery (movie)"", ""The Great Train Robbery (disambiguation)"", ""The Great Train Robbery (1903 movie)"", ""Great Train Robbery"", ""The Great Train Robbery (film)"", ""The Great Train Robbery"", ""Great train robbery""]",True,0.0,0.4652,0.0002,0.4654,0.0149,0.2721,0.287,0.4654,0.287,0.7523,5642.0,32607.0,168.88,45.9532
20260701_151914,100,random,44,,45,14298,Who was the third President of the USA?,John Quincy Adams,"[""Thomas Jefforson"", ""Tom Jefferson"", ""Jefferson Administration"", ""T jefferson"", ""Tomas jefferson"", ""Third President of the United States"", ""T. Jefferson"", ""Thomas jefferson"", ""Tomas Jefferson"", ""Thomas Jefferson/First Inaugural Address"", ""Jefferson, Thomas"", ""President Thomas Jefferson"", ""Thomas Jefferson"", ""ThomasJefferson"", ""President Jefferson"", ""3rd President of the United States"", ""Sage of Monticello"", ""Thomas Jeffersson"", ""Thomas Jefferson/Second Inaugural Address""]",False,0.0,0.6749,0.0002,0.6751,0.0147,0.2731,0.2879,0.6751,0.2879,0.9629,5642.0,32607.0,156.28,42.6844
20260701_151914,100,random,44,,46,1239,Barney the Owl is a mascot of which English football club?,Manchester United,"[""Lee strafford"", ""Sheffield Wednesday F C"", ""Sheffield Wednesday F.C."", ""Sheffield wed"", ""The Owls"", ""Sheff Wed"", ""Sheffield Wednesday F.C"", ""Sheffield Wednesday FC"", ""The Wednesday"", ""Sheffield Wednesday F. C."", ""Sheffield Wednesday"", ""(Sheffield Wednesday)"", ""Sheffield Wednesday Football Club"", ""The Wednesday F.C.""]",False,0.0,0.6309,0.0003,0.6312,0.0154,0.2731,0.2885,0.6312,0.2885,0.9197,5642.0,32607.0,135.16,36.9103
20260701_151914,100,random,44,,47,10769,What is the US state capital of Kansas?,Topeka,"[""Northern Hills Junior High"", ""Google (city)"", ""Topeka (KS)"", ""Highland Park High School (Topeka, Kansas)"", ""Google, KS"", ""Northern Hills Junior High School"", ""Capital of Kansas"", ""South Topeka, Kansas"", ""Topeka, Kansas"", ""UN/LOCODE:USTOP"", ""ToPikachu"", ""Google, Kansas"", ""Topeka, KS"", ""Topikachu, Kansas"", ""Topeka"", ""Topeka, Kan."", ""Topikachu""]",True,0.0,0.4956,0.0003,0.4959,0.0149,0.2725,0.2874,0.4959,0.2874,0.7833,5642.0,32607.0,135.78,37.0053
20260701_151914,100,random,44,,48,12108,FIDE (Federation Internationale Des Echecs) is the world federation of which activity?,Chess,"[""Chess match"", ""Šachmatai"", ""Sjakk"", ""Ajedrez"", ""Ahedres"", ""Ficheall"", ""Rank and file (chess)"", ""Chess Revers"", ""Chess"", ""Xadrez"", ""Chess publications"", ""Satranç"", ""Western chess"", ""Šachy"", ""Шахи"", ""Chess game"", ""European chess"", ""Chess psychology"", ""ChesS"", ""Ŝako"", ""ਸ਼ਤਰੰਜ"", ""Chess games"", ""शतरंज"", ""Play chess"", ""Skaak"", ""Western Chess"", ""Orthochess"", ""Chesss"", ""Game of chess"", ""Šach"", ""Echedoù"", ""Échecs"", ""שחמט"", ""Chesse"", ""Scacci"", ""Шахмат"", ""Escacs"", ""Cög"", ""Şah"", ""Cờ vua"", ""International Chess"", ""Chess board game"", ""Chess Board Game"", ""Шахматы"", ""Game of Chess"", ""Skak"", ""شطرنج"", ""Шатар"", ""Chess career"", ""Σκάκι"", ""Šahs"", ""Cheess"", ""Chess srategy and tactics"", ""Chess (game)"", ""Skák"", ""International chess""]",True,0.0,0.6475,0.5366,1.1841,0.0147,0.2722,0.287,1.1841,0.287,1.4711,5642.0,32607.0,158.19,43.066
20260701_151914,100,random,44,,49,15429,Which Italian pasta's name means little spindles in English?,Spaghetti,"[""Fusili"", ""Fusilli""]",False,0.0,0.4543,0.0001,0.4544,0.0151,0.2716,0.2866,0.4544,0.2866,0.7411,5642.0,32607.0,134.98,36.6566
20260701_151914,100,random,44,,50,14864,Which French composer and pupil of Saint-Saens is best known for his requiem?,Gabriel Fauré,"[""Gabriel Faure"", ""GABRIEL FAURE"", ""Faure, Gabriel Urbain"", ""Gabriel Foray"", ""Gabriel Fauré"", ""Gabriël Fauré"", ""Fauré, Gabriel Urbain"", ""Gabriel Faur"", ""Gabriel Urbain Faure"", ""Gabriel Urbain Fauré"", ""Gabriel Urbain Faur""]",True,0.0,0.444,0.0003,0.4443,0.0148,0.275,0.2899,0.4443,0.2899,0.7342,5642.0,32607.0,153.14,42.1172
20260701_151914,100,random,44,,51,17712,Deficiency in which vitamin causes Beri-Beri?,Vitamin B1,"[""B 1"", ""B-1"", ""B-1 (disambiguation)"", ""B.1"", ""B1 (disambiguation)"", ""B1""]",True,0.0,0.4843,0.0002,0.4845,0.0149,0.2735,0.2885,0.4845,0.2885,0.773,5642.0,32607.0,180.37,49.3389
20260701_151914,100,random,44,,52,4934,What Harvard researcher was well-known for experimenting with LSD?,Timothy Leary,"[""Timothy o%60leary"", ""Pope of dope"", ""SMI²LE"", ""SMI2LE"", ""Timothy Leary terminus"", ""Timothy Francis Leary"", ""Timothy Leary"", ""Timothy Leery"", ""Charlie Thrush"", ""International Foundation for Internal Freedom"", ""Castalia Foundation"", ""Rosemary Woodruff Leary"", ""Timothy leary"", ""Design for Dying"", ""Leary, Timothy""]",True,0.0,0.446,0.0002,0.4463,0.0146,0.2753,0.2899,0.4463,0.2899,0.7362,5642.0,32607.0,146.21,40.2541
20260701_151914,100,random,44,,53,7643,Who according to the title of a 1992 novel was 'Count Lazzio de Almasy'?,Count Lazzio de Almasy,"[""The English Patient"", ""The English Patient (novel)"", ""English Patient"", ""'THE ENGLISH PATIENT'""]",False,0.0,1.8149,0.0001,1.815,0.0158,0.2728,0.2886,1.815,0.2886,2.1036,5642.0,32607.0,109.5,29.8683
20260701_151914,100,random,44,,54,15841,Herdwick sheep are native to which area of Britain?,Cumbria,"[""English Lakeland"", ""Lake District National Park"", ""Lake District (England)"", ""Lake District National Park Authority"", ""Lake District, England"", ""Lake district"", ""The Lake District"", ""Lake diistrict"", ""Cumbrian mountains"", ""LAKE DISTRICT"", ""English Lake District"", ""English Lakes"", ""The English Lake District"", ""Lake District national park"", ""Lake District"", ""Cumbrian Mountains"", ""Wordsworthshire""]",False,0.0,0.7087,0.0003,0.709,0.0152,0.2733,0.2885,0.709,0.2885,0.9975,5642.0,32607.0,117.92,32.2227
20260701_151914,100,random,44,,55,14928,"The German's called it the Siegfried Line, what did the allies call it?",Maginot Line,"[""THE HINDENBERG LINE"", ""Hindenberg Line"", ""Hindenburg line"", ""Battles of the Hindenburg Line"", ""Advance to the Hindenburg Line"", ""Hindenburg Line""]",False,0.0,0.5094,0.0003,0.5097,0.0146,0.2732,0.2878,0.5097,0.2878,0.7975,5642.0,32607.0,161.23,44.0539
20260701_151914,100,random,44,,56,11334,Yarg and gevrik are cheeses from which county?,Georgia,"[""Curnow"", ""Corn Wall"", ""Cornwall (County), England"", ""Cernyw"", ""Kernow"", ""West Wales (kingdom)"", ""Cerniw"", ""Cornwall"", ""Cornwall, England"", ""Cornuvia"", ""KERNOW"", ""Belerion"", ""Cornwall, UK"", ""Cornwall, United Kingdom"", ""Cornwall (England : County)"", ""Maps of Cornwall""]",False,0.0,0.673,0.0003,0.6733,0.0146,0.2714,0.286,0.6733,0.286,0.9594,5642.0,32607.0,151.29,41.0652
20260701_151914,100,random,44,,57,1429,Which US artist married Lee Krasner in 1945?,Jackson Pollock,"[""Paul Jackson Pollock"", ""Pollock, Jackson"", ""Number 1 (painting)"", ""Jack the Dripper"", ""Lavender Mist"", ""Jackson pollock"", ""Jackson Polluck"", ""Jackson Pollock"", ""Jackson Pollack"", ""One: Number 31"", ""Number 1 (Jackson Pollock)"", ""Pollockian""]",True,0.0,0.4408,0.0003,0.4411,0.0146,0.2724,0.287,0.4411,0.287,0.7281,5642.0,32607.0,135.12,36.8059
20260701_151914,100,random,44,,58,9108,Who duetted with Aretha Franklin on Sisters Are Doing It For Themselves,Madonna,"[""Annie lennox"", ""Annie Lenox"", ""Annie Lennox"", ""Ann Lennox""]",False,0.0,0.4781,0.0003,0.4784,0.0151,0.2738,0.2889,0.4784,0.2889,0.7674,5642.0,32607.0,162.67,44.5405
20260701_151914,100,random,44,,59,5153,"""In the novel, """"Nicholas Nickelby"""", by Charles Dickens, what was the name of the school, run by Wackford Squeers?""","""""The """"Ragged School"""".","[""Nicholas Nickelby"", ""The Life and Adventures of Nicholas Nickleby"", ""Nicholas Nickleby"", ""Mr. Wackford Squeers"", ""DOTHEBOYS HALL"", ""Wackford Squeers"", ""Dotheboys Hall"", ""Nicholas Nickleby (protagonist)"", ""Do-the-Boys'-Hall"", ""Squeer""]",False,0.0,0.4595,0.0003,0.4598,0.0162,0.2724,0.2886,0.4598,0.2886,0.7484,5642.0,32607.0,135.59,36.9318
20260701_151914,100,random,44,,60,304,"In which 1993 film does a boy called Jonah write to a woman called Annie, asking her to meet his father at the Empire State building on St. Valentine's Day?",<em>Sleepless in Seattle</em>,"[""Sleepless In Seattle"", ""Sleepless in seattle"", ""Sleepless in Seattle (film)"", ""Sleepless in Seattle: Original Motion Picture Soundtrack"", ""Sleepless in Seattle""]",True,0.0,0.4662,0.0003,0.4665,0.0151,0.2744,0.2896,0.4665,0.2896,0.7561,5642.0,32607.0,171.1,46.9565
20260701_151914,100,random,44,,61,7312,What was created by the Lateran Treaty of 1929?,The Vatican City State,"[""Geology of the Vatican City"", ""Christianity in Vatican City"", ""ISO 3166-1:VA"", ""People of Vatican City"", ""State of Vatican City"", ""Ecclesiastical governnment"", ""Vaticana City"", ""The Vatican City State"", ""Communications in the Vatican City"", ""Roman Catholicism in the Vatican City"", ""Vatican City/Communications"", ""History of Vatican"", ""Vatican City-State"", ""State of the City of the Vatican"", ""Demographics of the Vatican City"", ""State of Vatican"", ""Roman Catholicism in Rome"", ""State of the Vatican City"", ""Holy See (The Vatican)"", ""Catholic City"", ""Europe/Vatican"", ""The Vatican City"", ""Vatican City State"", ""Vatican city"", ""CittA del vaticano"", ""Demographics of Vatican City"", ""Population of Vatican City"", ""Città del vaticano"", ""History of Vatican City"", ""Religion in the Vatican City"", ""Vatikan"", ""Capital of Vatican City"", ""Vatican City/People"", ""Sovereign of the State of the Vatican City"", ""Sport in the Vatican City"", ""THE VATICAN STATE"", ""Stato della Città del Vaticano"", ""Holy See (Vatican)"", ""Status Civitatis Vaticanae"", ""Vatican City"", ""Vatican City/History"", ""Citta del Vaticano"", ""Città del Vaticano"", ""History of the Vatican City"", ""Vatican State"", ""Vatican citizenship"", ""CittÃ del vaticano"", ""Roman Catholicism in Vatican City"", ""List of companies of Vatican City"", ""Vatican City (Holy See)"", ""Apostolic Palace & St. Peter's Basilica, Vatican City"", ""Citta del vaticano""]",True,0.0,0.6273,0.0003,0.6277,0.0151,0.272,0.2871,0.6277,0.2871,0.9148,5642.0,32607.0,136.23,37.0574
20260701_151914,100,random,44,,62,478,"Which 1986 Peter Weir movie and based on a Paul Theroux novel starred Harrison Ford, Helen Mirren and River Phoenix?",Witness,"[""The Mosquito Coast"", ""The Mosquito Coast (Film)"", ""The Mosquito Coast (film)""]",False,0.0,0.4873,0.0003,0.4876,0.0159,0.2759,0.2918,0.4876,0.2918,0.7794,5642.0,32607.0,139.86,38.5854
20260701_151914,100,random,44,,63,17799,"August 2, 1990 saw Iraq invading what country, sparking a series of events that culminated in the 1st Gulf War?",Kuwait,"[""ISO 3166-1:KW"", ""Kuwayt"", ""State of Kuwait"", ""KUW"", ""Kuwait"", ""الكويت"", ""Kuait"", ""Koweit"", ""Languages of Kuwait"", ""Administrative divisions of Kuwait"", ""Kowait"", ""Subdivisions of Kuwait"", ""Kuwaitis"", ""Kuwet"", ""Koweït"", ""State Kuwait"", ""Quwait"", ""Kuweit"", ""دولة الكويت""]",True,0.0,0.5562,0.0003,0.5565,0.015,0.2735,0.2884,0.5565,0.2884,0.845,5642.0,32607.0,160.46,43.8834
20260701_151914,100,random,44,,64,9231,What was the Troggs most famous hit?,“Wild Thing”,"[""Wild Thing (song)"", ""Wild Thing"", ""Wild Thing (disambiguation)""]",True,0.0,0.4264,0.0003,0.4267,0.0144,0.2747,0.2891,0.4267,0.2891,0.7158,5642.0,32607.0,134.97,37.0744
20260701_151914,100,random,44,,65,11687,Heliculture is the farming of what for food?,snails,"[""Snale"", ""Snail"", ""Marine snail"", ""🐌"", ""Jono Hawkins"", ""Ochu"", ""Wallfish"", ""Snails""]",True,0.0,0.4335,0.0001,0.4336,0.0154,0.2714,0.2868,0.4336,0.2868,0.7204,5642.0,32607.0,169.56,46.0172
20260701_151914,100,random,44,,66,6522,"What is an alternative name for vitamin B9, essential in promoting cell growth, particularly during pregnancy?",Folic acid,"[""Folic acid chemdata supplement"", ""Folbal"", ""Folic acid antagonists"", ""Folate pathway"", ""Folate biosynthesis"", ""Cytofol"", ""Folate"", ""ATCvet code QB03BB01"", ""C19H19O6"", ""Folsaure"", ""Vitamin B-9"", ""Folate synthesis"", ""Folic acid supplementation"", ""C19H19N7O6"", ""Folvite"", ""Foliamin"", ""List of foods containing Vitamin M"", ""Dosfolat B activ"", ""Millafol"", ""Vitamin B9"", ""Folic Acid"", ""Folcidin"", ""Follic acid"", ""Foldine"", ""Folvron"", ""Folic acid (drug)"", ""Pteroylmonoglutamic acid"", ""Food folate"", ""Incafolic"", ""Vitamin b9"", ""Folic acid"", ""Vitamin M"", ""Folipac"", ""Vitamin Bc"", ""Acifolic"", ""Folsav"", ""One carbon pool by folate"", ""Pteroylmonoglutamate"", ""ATC code B03BB01"", ""Pteroyl-L-glutamic acid"", ""Folacid"", ""Folvidon"", ""Folettes"", ""Folacin"", ""Apo-Folic"", ""Folsan"", ""Folicet""]",True,0.0,0.4138,0.0003,0.4141,0.0147,0.2731,0.2879,0.4141,0.2879,0.702,5642.0,32607.0,135.99,37.1414
20260701_151914,100,random,44,,67,13255,The island of Tasmania is governed by which country?,Australia,"[""Australia (Commonwealth realm)"", ""AustraliA"", ""Continental Australia"", ""Australias"", ""Peace of Australia"", ""Australian city life"", ""City life in Australia"", ""Australocentrist"", ""Mainland Australia"", ""Australiia"", ""Straya"", ""Australia (commonwealth)"", ""Austraila"", ""Ausrtalia"", ""Australia (nation)"", ""Australien"", ""New Australian"", ""Australia (dominion)"", ""Australia (federation)"", ""Australia (country)"", ""Aussieland"", ""Federal Australia"", ""Country life in Australia"", ""Orstraya"", ""Australia (nation state)"", ""Australia (commonwealth realm)"", ""Australia"", ""Australocentrism"", ""Austraya"", ""Australie"", ""AUSTRALIA"", ""Geopolitics of Australia"", ""Australia (nation-state)"", ""Australia's"", ""Australian mainland"", ""Australian country life"", ""Australian Woman's Day"", ""Imperial Australia"", ""United States of Australia"", ""Australia (realm)"", ""Australia (constitutional monarchy)"", ""Austalia"", ""Etymology of Australia"", ""Philosophy in Australia"", ""Commonwealth of Australia"", ""Australija"", ""Australia (monarchy)"", ""Dominion of Australia"", ""Empire of Australia"", ""Ostralia"", ""Modern Australia"", ""Commonwealth of australia"", ""Australia (empire)"", ""Australo"", ""The Commonwealth of Australia"", ""Australia."", ""Austrlia"", ""Australlia"", ""AUSTRALIAN"", ""Australia (state)"", ""ISO 3166-1:AU"", ""Austrailia"", ""Commonwealth Australia"", ""Pax Australiana"", ""Australian Commonwealth"", ""Australocentric"", ""Austrlaia"", ""Technology in Australia"", ""Australia (Commonwealth)"", ""Australai"", ""Australian geopolitics"", ""Asutralia"", ""Australo-"", ""Australian's"", ""Science in Australia""]",True,0.0,0.4234,0.0004,0.4238,0.0154,0.272,0.2873,0.4238,0.2873,0.7111,5642.0,32607.0,152.36,41.4355
20260701_151914,100,random,44,,68,3654,"Which Austrian composer, whose works include 104 symphonies, 84 string quartets and 42 piano sonatas, received a D Mus degree at Oxford University, England?",Mozart,"[""Franz Josef Haydn"", ""FJH"", ""Franz Joseph Haydn"", ""Joseph Haydn"", ""Joesph Haydn"", ""Franz Haydn"", ""Haydn, Joseph"", ""Joseph Franz Haydn"", ""Josef Haydn"", ""Francis Joseph Haydn"", ""Haydn"", ""F. J. Haydn""]",False,0.0,0.4117,0.0001,0.4118,0.0154,0.274,0.2894,0.4118,0.2894,0.7012,5642.0,32607.0,156.55,42.8945
20260701_151914,100,random,44,,69,11827,"""What is the name of the short actor who plays the main role in the BBC2 comedy series""""Life's too short""""?""","""Joe Thomas""","[""Warwick Davis"", ""Warwick A. Davis"", ""WARWICK DAVIS"", ""Warwick Ashley Davis"", ""Warwick Davies""]",False,0.0,0.6191,0.0003,0.6194,0.0151,0.2719,0.2869,0.6194,0.2869,0.9064,5642.0,32607.0,161.78,43.9828
20260701_151914,100,random,44,,70,11145,The Royal Shakespeare Company is based in which British town?,Stratford-upon-Avon,"[""Stratford-Upon-Avon"", ""Henley Street"", ""Stratford-upon-Avon chain ferry"", ""Stratford Upon Avon"", ""Stratford-upon-Avon, Warwickshire"", ""Stratford-upon-Avon (England)"", ""Stratford-upon-Avon"", ""Croft Preparatory School"", ""Stratford-upon-Avon, United Kingdom"", ""Stratford upon Avon"", ""Wimpstone"", ""Stratford-on-Avon"", ""Stratford on Avon"", ""The Croft Preparatory School"", ""Stratford on avon""]",True,0.0,0.4255,0.0003,0.4259,0.0144,0.2731,0.2875,0.4259,0.2875,0.7133,5642.0,32607.0,140.21,38.2936
20260701_151914,100,random,44,,71,3681,"What is the generally accepted name for the Puritans who became the earliest settlers in the Plymouth colony in America, in 1620?",Pilgrims,"[""Pilgrims (Plymouth Colony)"", ""Plymouth Pilgrims"", ""Pilgrim Fathers"", ""Pilgrim Father"", ""Pilgrim (Plymouth Colony)"", ""Pilgrims (Mayflower)"", ""Mayflower Pilgrims"", ""Mayflower Pilgrim"", ""Pilgrims (Plymouth)"", ""Pilgrim fathers"", ""Pilgrim (Mayflower)""]",False,0.0001,0.4961,0.0003,0.4965,0.0151,0.2722,0.2873,0.4965,0.2873,0.7838,5642.0,32607.0,160.81,43.7791
20260701_151914,100,random,44,,72,7333,What is the name for the dot on the lower case letters I and J?,The dot is called a tittle.,"[""Tittles"", ""Tittle"", ""A TITTLE"", ""Jot and tittle"", ""Jot or tittle""]",True,0.0,0.6539,0.0003,0.6542,0.0152,0.2745,0.2897,0.6542,0.2897,0.944,5642.0,32607.0,171.58,47.105
20260701_151914,100,random,44,,73,1942,"Sidney Poitier, Eartha Kitt, Val Doonican and Ferenc Puskas were all born in what year?",1927,"[""one thousand, nine hundred and twenty-seven"", ""1927""]",True,0.0,0.507,0.0001,0.5072,0.0153,0.2741,0.2894,0.5072,0.2894,0.7965,5642.0,32607.0,135.35,37.0985
20260701_151914,100,random,44,,74,14196,"""Who in the wild west was known as """"Iron Eyes"""" among his other nicknames?""",Wyatt Earp,"[""Buffalo Bill Cody"", ""William F Cody"", ""Buffalo Bill Cody's Wild West Show"", ""Buffalo Bill"", ""Wild West, Rocky Mountain and Prairie Exhibition"", ""William F. Cody"", ""Buffalo Bill’s Wild West Show"", ""Buffalo Bill's Wild West show"", ""William Frederick %22Buffalo Bill%22 Cody"", ""William Frederick Cody"", ""WILLIAM CODY"", ""Buffalo Bill's Wild West"", ""Bill Cody"", ""William Frank 'Buffalo Bill' Cody"", ""William Cody"", ""Buffalo Bill's Wild West Show""]",False,0.0,0.5542,0.0003,0.5545,0.0151,0.2716,0.2866,0.5545,0.2866,0.8411,5642.0,32607.0,151.63,41.1776
20260701_151914,100,random,44,,75,1572,"Saint Fidelis Church, otherwise known as The Cathedral of the Plains, is located in which US state?",Nebraska,"[""Kans."", ""Demographics of Kansas"", ""Economy of Kansas"", ""Kansasanian Soviet Socialist Republic"", ""Politics of Kansas"", ""Law of Kansas"", ""Climate of Kansas"", ""Kan."", ""Cansas"", ""Kansas"", ""State of Kansas"", ""Geography of Kansas"", ""Culture of Kansas"", ""Transportation in Kansas"", ""KS, USA"", ""Thirty-fourth State"", ""Brownbackistan"", ""Sunflower State"", ""Transport in Kansas"", ""Religion in Kansas"", ""The Sunflower State"", ""Kansas (State)"", ""Sports in Kansas"", ""Thirty-Fourth State"", ""Kansas (U.S. state)"", ""Kansas, United States"", ""34th State"", ""Kansas (state)""]",False,0.0,0.4506,0.0003,0.451,0.015,0.2722,0.2872,0.451,0.2872,0.7382,5642.0,32607.0,135.37,36.8497
20260701_151914,100,random,44,,76,15530,Batavia is the former name of which Asian capital city?,Jakarta,"[""ID-JK"", ""DKI Jakarta"", ""Jakarta Raya"", ""Jacarta"", ""Calapa"", ""DKI Jaya"", ""Djakarta"", ""City of Djakarta"", ""Djarkarta"", ""Daerah Khusus Ibukota Jakarta"", ""JAKARTA"", ""Jakarda"", ""Jayakarta"", ""Jakartanese"", ""City Jakarta"", ""Jakarta"", ""Jakarta Special Capital Region"", ""Special Capital Region of Jakarta"", ""Jakarta, Indonesia"", ""Capital of Indonesia"", ""Jakarta, Java"", ""City of Jakarta"", ""Jakarta Province"", ""Djarkata"", ""Batavia, Indonesia""]",True,0.0,0.4829,0.0003,0.4833,0.0149,0.2716,0.2865,0.4833,0.2865,0.7698,5642.0,32607.0,149.67,40.6536
20260701_151914,100,random,44,,77,4013,"In the 16th century, which explorer began and led the first known successful circumnavigation of the earth?",Ferdinand Magellan,"[""Fernão de Magalhães"", ""Magellan, Ferdinand"", ""Fernao de Magalhaes"", ""Ferdinand mangellan"", ""Martino de Judicibus"", ""Ferdinand magellasn"", ""Fernao Magalhaes"", ""Fernao de Magelhaens"", ""Ferdinand magellan"", ""Fernando Magallanes"", ""Ferdinand Magellen"", ""Magellan's voyage"", ""Ferdinand Magellan"", ""Hernando de Magallanes"", ""Fernando de Magallanes""]",True,0.0,0.6527,0.0003,0.653,0.0156,0.2724,0.288,0.653,0.288,0.941,5642.0,32607.0,163.53,44.5486
20260701_151914,100,random,44,,78,4675,What waltz by Johann Strauss II was named after a European river?,The Blue Danube,"[""An Der Schoenen Blau Donau"", ""An der schonen blauen Donau"", ""An der schoenen Blauen Donau"", ""An Der Schonen Blau Donau"", ""An Der Schönen Blau"", ""By the Beautiful Blue Danube"", ""An der schönen, blauen Donau"", ""At the Beautiful Blue Danube"", ""The Blue Danube"", ""An der schönen blauen Donau"", ""An Der Schonen Blau"", ""An der schönen Blauen Donau"", ""An der schoenen blauen Donau"", ""On the Beautiful Blue Danube"", ""An Der Schönen Blau Donau"", ""The Beautiful Blue Danube"", ""The Blue Danube Waltz"", ""Blue Danube Waltz"", ""Danube Waltz"", ""An der schonen Blauen Donau"", ""An Der Schoenen Blau""]",True,0.0,0.6669,0.0003,0.6672,0.0153,0.2733,0.2886,0.6672,0.2886,0.9558,5642.0,32607.0,147.16,40.2176
20260701_151914,100,random,44,,79,5879,Give any year in the life of the painter Raphael.,1514,"[""1483-1520""]",False,0.0001,0.443,0.0003,0.4434,0.015,0.2735,0.2885,0.4434,0.2885,0.7319,5642.0,32607.0,134.97,36.9106
20260701_151914,100,random,44,,80,176,On which label did Chuck Berry record in the 1950s and 1960s?,Chess,"[""Chess match"", ""Šachmatai"", ""Sjakk"", ""Ajedrez"", ""Ahedres"", ""Ficheall"", ""Rank and file (chess)"", ""Chess Revers"", ""Chess"", ""Xadrez"", ""Chess publications"", ""Satranç"", ""Western chess"", ""Šachy"", ""Шахи"", ""Chess game"", ""European chess"", ""Chess psychology"", ""ChesS"", ""Ŝako"", ""ਸ਼ਤਰੰਜ"", ""Chess games"", ""शतरंज"", ""Play chess"", ""Skaak"", ""Western Chess"", ""Orthochess"", ""Chesss"", ""Game of chess"", ""Šach"", ""Echedoù"", ""Échecs"", ""שחמט"", ""Chesse"", ""Scacci"", ""Шахмат"", ""Escacs"", ""Cög"", ""Şah"", ""Cờ vua"", ""International Chess"", ""Chess board game"", ""Chess Board Game"", ""Шахматы"", ""Game of Chess"", ""Skak"", ""شطرنج"", ""Шатар"", ""Chess career"", ""Σκάκι"", ""Šahs"", ""Cheess"", ""Chess srategy and tactics"", ""Chess (game)"", ""Skák"", ""International chess""]",True,0.0,0.7094,0.0003,0.7098,0.0148,0.2721,0.287,0.7098,0.287,0.9967,5642.0,32607.0,135.2,36.7935
20260701_151914,100,random,44,,81,9623,What name is given to the paradoxical psychological phenomenon wherein hostages express adulation and have positive feelings towards their captors that appear irrational in light of the danger or risk endured by the victims?,Stockholm Syndrome,"[""Stockholmsyndrome"", ""Stockholm Syndrome"", ""Swedish syndrome"", ""Association With the Aggressor"", ""Lima syndrome"", ""Stolkholm syndrome"", ""Stockholm Effect"", ""Capture bonding"", ""Helsinki Syndrome"", ""Lima Syndrome"", ""Stockholm syndrom"", ""Stockholm effect"", ""The Stockholm Syndrome"", ""Possible examples of Stockholm Syndrome"", ""The Stockholm syndrome"", ""Stockholm syndrome"", ""Helsinki syndrome"", ""Identification with the aggressor""]",True,0.0,0.5302,0.0002,0.5304,0.0152,0.275,0.2901,0.5304,0.2901,0.8205,5642.0,32607.0,159.15,43.764
20260701_151914,100,random,44,,82,2066,Which famous composer’s patrons were the Esterhazy family?,Haydn,"[""Franz Josef Haydn"", ""FJH"", ""Franz Joseph Haydn"", ""Joseph Haydn"", ""Joesph Haydn"", ""Franz Haydn"", ""Haydn, Joseph"", ""Joseph Franz Haydn"", ""Josef Haydn"", ""Francis Joseph Haydn"", ""Haydn"", ""F. J. Haydn""]",True,0.0,0.7867,0.0003,0.787,0.0146,0.275,0.2896,0.787,0.2896,1.0766,5642.0,32607.0,171.61,47.1989
20260701_151914,100,random,44,,83,8914,What type of animal is a pongo,A pongo is a type of monkey.,"[""Apes"", ""Apish"", ""Simia satyrus"", ""Hominoideas"", ""History of hominoid taxonomy"", ""Hominoidae"", ""Hominoid"", ""Ape family"", ""Hominoidea"", ""Hominoids"", ""Ape""]",False,0.0,0.6645,0.0001,0.6647,0.0151,0.2756,0.2907,0.6647,0.2907,0.9554,5642.0,32607.0,133.95,36.9109
20260701_151914,100,random,44,,84,2439,"""In Italy, if you were served """"Mortadella"""", what foodstuff would you be about to eat ?""","""A dead man.""","[""Sausage"", ""Vegetarian sausage"", ""Sausage patties"", ""Makkara"", ""Saussage"", ""Smoked Sausage"", ""Country sausage"", ""Sausaging"", ""Sausages"", ""Garlic sausage"", ""Sausage patty"", ""Hot links"", ""Sosige"", ""Salchicha"", ""Pork sausage"", ""SAUSAGE"", ""Zalzett tal-Malti"", ""Wienie"", ""Sausage link"", ""German sausage"", ""Wors"", ""Salchichas (disambiguation)"", ""Link sausage"", ""Beef sausage"", ""Salchichas"", ""Boiled sausage"", ""Smoked sausage"", ""Dry sausage""]",False,0.0,0.4915,0.0003,0.4918,0.0153,0.2721,0.2874,0.4918,0.2874,0.7792,5642.0,32607.0,139.71,38.016
20260701_151914,100,random,44,,85,220,In which parliament has the UK 87 seats for members who are elected for a five0-year term?,House of Lords,"[""Common Assembly"", ""European parliment"", ""European Union Parliament"", ""Europarliament"", ""Eu parl"", ""Euro Parliament"", ""EU Parliament"", ""Euparl"", ""Assembly of the European Communities"", ""European Parliamentary"", ""Common Assembly of the European Coal and Steel Community"", ""European parliament"", ""EU parliament"", ""European Assembly"", ""Parliament of the European Union"", ""The European Parliament"", ""Parliament of the EU"", ""Parliament of Europe"", ""European Parliament"", ""Europarl"", ""Eu parliament"", ""Strasbourg Parliament"", ""European Parliamentary Assembly"", ""European Parliament's"", ""Parliament of European Union"", ""EuroParl"", ""European Chamber""]",False,0.0,0.8789,0.5026,1.3816,0.0147,0.2719,0.2866,1.3816,0.2866,1.6681,5642.0,32607.0,123.48,33.5731
20260701_151914,100,random,44,,86,14262,Where is the venue for the next Winter Olympics in 2010?,"Vancouver, British Columbia, Canada.","[""Vancouver, Canada"", ""Vancouver (Canada)"", ""Corpus Christi Elementary School (Canada)"", ""UN/LOCODE:CAVAN"", ""Vancouver, British Columbia, Canada"", ""Vancouver, BC, Canada"", ""Vancouver, British-Columbia"", ""Vancouver, B.C., Canada"", ""Vancouver"", ""Vancouver, British Colombia"", ""Vancover, British Columbia"", ""Vansterdam"", ""Vancouver (BC)"", ""Hastings East (Vancouver)"", ""Vancouver British Columbia"", ""Vancouver Canada"", ""City of Vancouver"", ""Vancouver, BC"", ""Vancouver (B.C.)"", ""Vancouver City Centre, British Columbia"", ""Vancouver, B.C."", ""South Vancouver, British Columbia"", ""Vancouverite"", ""Vancouver, British Columbia"", ""Vancouver Christian School"", ""Vancouvr"", ""Hong kouver"", ""Vancouverites"", ""Hongcouver"", ""Vancouver, bc"", ""Corpus Christi Elementary"", ""Hong couver"", ""Greater Vancouver Bridges"", ""Vancover"", ""Vanocuver"", ""Vancouver BC""]",True,0.0,0.5821,0.0002,0.5823,0.0145,0.2728,0.2873,0.5823,0.2873,0.8696,5642.0,32607.0,121.86,33.2433
20260701_151914,100,random,44,,87,8975,Who had a No 1 in the 80's with Karma Chameleon,Culture Club,"[""Culture Club"", ""Culture club""]",True,0.0,0.6847,0.0003,0.685,0.0145,0.2716,0.2861,0.685,0.2861,0.9711,5642.0,32607.0,134.51,36.5308
20260701_151914,100,random,44,,88,5845,Which real life astronaut was played by Tom Hanks in the film 'Apollo 13'?,Jim Lovell,"[""James Arthur Lovell"", ""Jim Arthur Lovell, Jr."", ""James Arthur Lovell, Jr."", ""Jim Lovell"", ""James Arthur Lovell Jr."", ""James A. Lovell"", ""James Lovell (Astronaut)"", ""James Lovell, Jr."", ""Marilyn Lovell"", ""James A. Lovell, Jr."", ""James A. Lovell Jr.""]",True,0.0,0.7318,0.0003,0.7322,0.0149,0.2716,0.2865,0.7322,0.2865,1.0187,5642.0,32607.0,142.0,38.5688
20260701_151914,100,random,44,,89,17160,Which fashion designer became head of Christian Dior in 1996,John Galliano,"[""John Galliano"", ""Miss Dior Cherie""]",True,0.0,0.6758,0.0003,0.6762,0.0157,0.2717,0.2875,0.6762,0.2875,0.9636,5642.0,32607.0,135.18,36.7345
20260701_151914,100,random,44,,90,6312,Which former cabinet minister was debarred from Parliament because of irregularities in his 2010 election campaign for his Oldham East and Saddleworth constituency?,Phil Woolas,"[""Woolas"", ""Philip James Woolas"", ""Phil Woolas"", ""PHIL WOOLAS""]",True,0.0,0.7667,0.0003,0.767,0.015,0.2729,0.2879,0.767,0.2879,1.0549,5642.0,32607.0,139.44,38.0563
20260701_151914,100,random,44,,91,1991,"In ‘Othello’, what is the name of Iago’s wife?",Emilia,"[""Emilia"", ""EMILIA"", ""Emilia (disambiguation)"", ""Emília"", ""Emilia (singer)""]",True,0.0001,0.8468,0.0003,0.8471,0.0148,0.2721,0.2869,0.8471,0.2869,1.134,5642.0,32607.0,129.12,35.1302
20260701_151914,100,random,44,,92,9154,What is animelles the culinary term for,A small piece of meat or fish,"[""Testical cyst"", ""Testis"", ""Testicles"", ""Testes"", ""Balls (slang)"", ""Testicular size"", ""Testicals"", ""Testicular hormones"", ""Testicular disorder"", ""Testicle size"", ""Low hangers"", ""Testical"", ""Testicular"", ""Testicular diseases"", ""Teste"", ""Testicle"", ""Orchitic""]",False,0.0,0.9313,0.0003,0.9317,0.0144,0.2735,0.2879,0.9317,0.2879,1.2196,5642.0,32607.0,114.81,31.4059
20260701_151914,100,random,44,,93,15831,Who wrote the 1993 novel “The Joy Luck Club”?,Amy Tan,"[""Tan En-mei"", ""Tán Enmei"", ""Tan Enmei"", ""AMY TAN"", ""Tan, Amy"", ""譚恩美"", ""Amy Ruth Tan"", ""Amy Tan""]",True,0.0,0.9153,0.0005,0.9158,0.0152,0.272,0.2872,0.9158,0.2872,1.2031,5642.0,32607.0,127.61,34.7162
20260701_151914,100,random,44,,94,8603,Which metal is added to steel to produce stainless steel?,Chromium,"[""Chromium compounds"", ""Chromium(III)"", ""Chromium (element)"", ""Element 24"", ""Dichromium"", ""Cromium"", ""Chromium"", ""Chronium""]",True,0.0,0.807,0.0005,0.8075,0.0151,0.2754,0.2905,0.8075,0.2905,1.0981,5642.0,32607.0,135.51,37.3195
20260701_151914,100,random,44,,95,2125,Luzon is an island of which country?,Philippines,"[""Islas Filipinas"", ""The Republic of the Philippines"", ""Philippines Republic"", ""Pinas (country)"", ""Philipine"", ""Phillipines"", ""Republic of Philippines"", ""ISO 3166-1:PH"", ""Republic of Pilipinas"", ""PHILIPPINE"", ""Regional population of the Philippines"", ""Fillipines"", ""The Philipines"", ""Filippines"", ""Phillippenes"", ""Las Islas Filipinas"", ""Islas de Filipinas"", ""Filipines"", ""Legazpi Boulevard"", ""Republic of the Philippines"", ""Philippines"", ""Fillippines"", ""Philippine archipelago"", ""Philippine islands"", ""Philippinan"", ""The Phillipines"", ""PHILIPPINES"", ""The Phillippines"", ""Lu Sung"", ""Philippine republic"", ""Philipines"", ""Philippine Islands"", ""Phillipine"", ""Etymology of the Philippines"", ""Philippine Archipelago"", ""Filipino Republic"", ""Philippines Colonial History"", ""Phillippines"", ""Republika ng Pilipinas"", ""Philippines archipelago"", ""Pilipinas"", ""The Philippines"", ""Philippine"", ""Philiphines"", ""Department of Health-Center for Health Development"", ""Philippenes"", ""Phillippine"", ""Phillipenes""]",True,0.0,0.8555,0.0003,0.8559,0.0149,0.2737,0.2887,0.8559,0.2887,1.1445,5642.0,32607.0,115.33,31.5701
20260701_151914,100,random,44,,96,16784,Which company produces the video game console 'Xbox 360'?,Microsoft,"[""'Microsoft Corp"", ""Microsoft Canada"", ""Mircosoft"", ""Microsoft Inc"", ""Micro soft"", ""Microsoat"", ""Microsoft corporation"", ""MSoft"", ""Office Corporation"", ""Microsoft Connect"", ""Microosft"", ""Mickeysoft"", ""Microsft"", ""Microsoft connect"", ""Windows Corporation"", ""Microsoft, Inc."", ""Microsoft's"", ""Microsoft"", ""MS Corp"", ""AS8075"", ""Micrasoft"", ""Microsoft Inc."", ""MSN Corporation"", ""Microcomputer software"", ""Microsoft, Incorporated"", ""Micro-soft"", ""Microsfot"", ""Microscam"", ""MicroSoft Corporation"", ""Microsoft Way"", ""Microsoft arc Mouse"", ""Microsoft.com"", ""Blibbet"", ""MICROSOFT"", ""Microsoft logos"", "".azure"", ""Microsoft Corp"", ""NASDAQ:MSFT"", ""Microsoft Corp."", ""Aorato"", ""Micro-Soft"", ""Microsoft Incorporated"", ""Mikrosoft"", ""Micro Soft"", ""Microsoft Corporation"", ""Microsoft Ltd"", ""Microsoft Visitor Center"", ""Microsoft Corpration"", ""WebsiteSpark"", "".bing"", ""Www.microsoft.com"", ""MSLI"", ""MicroSoft""]",True,0.0,0.7786,0.0003,0.7789,0.0148,0.274,0.2888,0.7789,0.2888,1.0677,5642.0,32607.0,135.07,37.0142
20260701_151914,100,random,44,,97,10810,The official birthday of British monarch Queen Elizabeth II falls during which month in the UK?,April,"[""㋅"", ""Jun."", ""JUNE"", ""June 31"", ""June"", ""Junes"", ""Juno (German)"", ""June 31st""]",False,0.0,0.5391,0.0004,0.5396,0.0149,0.2716,0.2865,0.5396,0.2865,0.8261,5642.0,32607.0,151.91,41.2596
20260701_151914,100,random,44,,98,17902,What is the name of the train station that services Amtrak and Sound Transit's Sounder commuter train for the city of Seattle?,Seattle's Union Station,"[""King Street Station (Amtrak station)"", ""King Street Station"", ""Seattle railway station"", ""Seattle (Sounder station)"", ""Seattle King Street Station"", ""Seattle Train Station"", ""King Street Station (Sounder station)"", ""King Street Station (Seattle)"", ""Seattle (Amtrak station)"", ""Seattle Station""]",False,0.0,0.5134,0.0003,0.5137,0.0155,0.2721,0.2876,0.5137,0.2876,0.8013,5642.0,32607.0,169.52,46.1272
20260701_151914,100,random,44,,99,15979,The flag of which country prominently features 'The Eagle of Saladin' holding a scroll bearing the name of the country in Arabic?,Egypt,"[""EGY"", ""Arab Republic of Egypt"", ""A .R . EGYPT"", ""The Arab Republic of Egypt"", ""Eygpt"", ""Etymology of Egypt"", ""مصر"", ""Kemmet"", ""Gift of the Nile"", ""Arab Republic Of Egypt"", ""Names of Egypt"", ""Miṣr"", ""A .R . Egypt"", ""Eytp"", ""National identity of Egyptians"", ""Jumhuriyat Misr al'Arabiyah"", ""Eypt"", ""Egyptian Republic"", ""Ejipt"", ""Name of Egypt"", ""Egipto"", ""Kimet"", ""جمهوريّة مصرالعربيّة"", ""Egypte"", ""Egypt (name)"", ""Egypt"", ""جمهورية مصرالعربية"", ""A.R. Egypt"", ""Republic of Eygpt"", ""Égypte"", ""Second Egyptian Republic"", ""Egipt"", ""ISO 3166-1:EG"", ""Egypt info""]",True,0.0,0.5618,0.0001,0.562,0.0155,0.2723,0.2877,0.562,0.2877,0.8497,5642.0,32607.0,140.17,38.1626
20260701_151914,100,random,44,,100,2143,The eyes of Dr. T. J. Eckleberg are a dominant symbol in which 1925 novel and later films?,The Great Gatsby,"[""George Wilson (Gatsby)"", ""Nick Carroway"", ""Dr. T.J. Eckleburg"", ""Meyer Wolfsheim"", ""Wolfshiem"", ""The Great Gatsby"", ""Trimalchio (book)"", ""Tom Buchanan"", ""Great Gatsby"", ""Jordan Baker (The Great Gatsby)"", ""T.J. Eckelburg"", ""Nick Carraway"", ""The Great gatsby"", ""Daisy Fay"", ""Meyer Wolfshiem"", ""Myrtle Wilson"", ""Nick Caraway"", ""George Wilson (The Great Gatsby)"", ""The great gatsby"", ""Dr. T. J. Eckleberg"", ""Trimalchio (novel)"", ""The Rise of the Colored Empires"", ""Dr. T. J. Eckleburg"", ""THE GREAT GATSBY"", ""So we beat on, boats against the current, borne back ceaselessly into the past"", ""Oggsford"", ""Tom Buchanan (The Great Gatsby)""]",True,0.0,0.6495,0.0003,0.6499,0.0149,0.2728,0.2876,0.6499,0.2876,0.9375,5642.0,32607.0,135.9,37.0676
